t,n_agents,n_in_store,n_in_vestibule,n_in_street,flow_left_door_per_min,flow_top_door_per_min,flow_right_door_per_min,contacts_lt_1m,contacts_lt_covid,avg_speed,avg_speed_store,avg_speed_vestibule,queue_front_cashiers,density_store,density_vestibule
0.033,20,0,0,0,0.0,0.0,0.0,97,174,0.0,0.0,0.0,0,0.0,0.0
0.066,20,0,0,0,0.0,0.0,0.0,97,174,0.0,0.0,0.0,0,0.0,0.0
0.099,20,0,0,0,0.0,0.0,0.0,97,174,0.0,0.0,0.0,0,0.0,0.0
0.132,20,0,0,0,0.0,0.0,0.0,97,174,0.0,0.0,0.0,0,0.0,0.0
0.165,20,0,0,0,0.0,0.0,0.0,97,174,0.0,0.0,0.0,0,0.0,0.0
0.198,20,0,0,0,0.0,0.0,0.0,97,174,2.4323467688788806e-07,0.0,0.0,0,0.0,0.0
0.231,20,0,0,0,0.0,0.0,0.0,97,174,0.006499540873443062,0.0,0.0,0,0.0,0.0
0.264,20,0,0,0,0.0,0.0,0.0,97,174,0.01228433508754055,0.0,0.0,0,0.0,0.0
0.29700000000000004,20,0,0,0,0.0,0.0,0.0,97,174,0.017432774706658362,0.0,0.0,0,0.0,0.0
0.33000000000000007,20,0,0,0,0.0,0.0,0.0,97,174,0.0220148424752813,0.0,0.0,0,0.0,0.0
0.3630000000000001,20,0,0,0,0.0,0.0,0.0,97,173,0.026092818603246404,0.0,0.0,0,0.0,0.0
0.39600000000000013,20,0,0,0,0.0,0.0,0.0,97,173,0.02972212551246154,0.0,0.0,0,0.0,0.0
0.42900000000000016,20,0,0,0,0.0,0.0,0.0,97,173,0.03295207879847515,0.0,0.0,0,0.0,0.0
0.4620000000000002,20,0,0,0,0.0,0.0,0.0,97,173,0.03582655429111624,0.0,0.0,0,0.0,0.0
0.4950000000000002,20,0,0,0,0.0,0.0,0.0,97,173,0.0383845798967172,0.0,0.0,0,0.0,0.0
0.5280000000000002,20,0,0,0,0.0,0.0,0.0,97,173,0.04066085982723373,0.0,0.0,0,0.0,0.0
0.5610000000000003,20,0,0,0,0.0,0.0,0.0,97,173,0.04268623787786826,0.0,0.0,0,0.0,0.0
0.5940000000000003,20,0,0,0,0.0,0.0,0.0,96,173,0.044488105626382564,0.0,0.0,0,0.0,0.0
0.6270000000000003,20,0,0,0,0.0,0.0,0.0,95,173,0.046090760990663046,0.0,0.0,0,0.0,0.0
0.6600000000000004,20,0,0,0,0.0,0.0,0.0,95,173,0.047515722543270425,0.0,0.0,0,0.0,0.0
0.6930000000000004,20,0,0,0,0.0,0.0,0.0,94,173,0.04878200572675233,0.0,0.0,0,0.0,0.0
0.7260000000000004,20,0,0,0,0.0,0.0,0.0,94,172,0.04990636892549952,0.0,0.0,0,0.0,0.0
0.7590000000000005,20,0,0,0,0.0,0.0,0.0,93,172,0.053004934127196236,0.0,0.0,0,0.0,0.0
0.7920000000000005,20,0,0,0,0.0,0.0,0.0,93,172,0.05799490624296808,0.0,0.0,0,0.0,0.0
0.8250000000000005,20,0,0,0,0.0,0.0,0.0,93,172,0.06427549584650669,0.0,0.0,0,0.0,0.0
0.8580000000000005,20,0,0,0,0.0,0.0,0.0,93,171,0.0699228744053723,0.0,0.0,0,0.0,0.0
0.8910000000000006,20,0,0,0,0.0,0.0,0.0,91,170,0.07495533551842086,0.0,0.0,0,0.0,0.0
0.9240000000000006,20,0,0,0,0.0,0.0,0.0,90,170,0.07942314083008555,0.0,0.0,0,0.0,0.0
0.9570000000000006,20,0,0,0,0.0,0.0,0.0,89,170,0.0833771984084023,0.0,0.0,0,0.0,0.0
0.9900000000000007,20,0,0,0,0.0,0.0,0.0,88,170,0.08686597150685745,0.0,0.0,0,0.0,0.0
1.0230000000000006,20,0,0,0,0.0,0.0,0.0,88,169,0.09556309360470983,0.0,0.0,0,0.0,0.0
1.0560000000000005,20,0,0,0,0.0,0.0,0.0,87,167,0.10120254984835034,0.0,0.0,0,0.0,0.0
1.0890000000000004,20,0,0,0,0.0,0.0,0.0,87,167,0.10917948396175843,0.0,0.0,0,0.0,0.0
1.1220000000000003,20,1,0,0,0.0,0.0,0.0,87,164,0.1164848025312063,1.3597470508051432,0.0,0,0.001408103636427641,0.0
1.1550000000000002,20,1,0,0,0.0,0.0,0.0,86,163,0.12301717305333841,1.3860713833952445,0.0,0,0.001408103636427641,0.0
1.1880000000000002,20,1,0,0,0.0,0.0,0.0,86,162,0.12869075899231874,1.4059527057775452,0.0,0,0.001408103636427641,0.0
1.221,20,1,0,0,0.0,0.0,0.0,85,162,0.13365496132652832,1.4223705389151657,0.0,0,0.001408103636427641,0.0
1.254,20,1,0,0,0.0,0.0,0.0,85,160,0.13784094073714342,1.4340502450869328,0.0,0,0.001408103636427641,0.0
1.287,20,1,0,0,0.0,0.0,0.0,85,157,0.14131704270047127,1.442879059337697,0.0,0,0.001408103636427641,0.0
1.3199999999999998,20,1,0,0,0.0,0.0,0.0,83,156,0.1439815089785708,1.4480599678771315,0.0,0,0.001408103636427641,0.0
1.3529999999999998,20,1,0,0,0.0,0.0,0.0,82,155,0.14576181143293407,1.4504592249986872,0.0,0,0.001408103636427641,0.0
1.3859999999999997,20,1,0,0,0.0,0.0,0.0,81,153,0.14646019784743672,1.4499176851834308,0.0,0,0.001408103636427641,0.0
1.4189999999999996,20,1,0,0,0.0,0.0,0.0,81,151,0.14585135373751965,1.4474539635909225,0.0,0,0.001408103636427641,0.0
1.4519999999999995,20,1,0,0,0.0,0.0,0.0,81,149,0.1435664462668098,1.4425095876703755,0.0,0,0.001408103636427641,0.0
1.4849999999999994,20,1,0,0,0.0,0.0,0.0,81,149,0.1396433602561134,1.4416770795535818,0.0,0,0.001408103636427641,0.0
1.5179999999999993,20,1,0,0,0.0,0.0,0.0,81,149,0.13399732066650136,1.4421128015804587,0.0,0,0.001408103636427641,0.0
1.5509999999999993,20,1,0,0,0.0,0.0,0.0,81,149,0.12756880816920685,1.4416030072334822,0.0,0,0.001408103636427641,0.0
1.5839999999999992,20,1,0,0,0.0,0.0,0.0,79,149,0.12357010000539219,1.43866937021341,0.0,0,0.001408103636427641,0.0
1.616999999999999,20,1,0,0,0.0,0.0,0.0,79,149,0.12581075366222796,1.4325525217319646,0.0,0,0.001408103636427641,0.0
1.649999999999999,20,1,0,0,0.0,0.0,0.0,79,149,0.13102518087320753,1.4230942401974003,0.0,0,0.001408103636427641,0.0
1.682999999999999,20,1,0,0,0.0,0.0,0.0,79,149,0.13525349345838306,1.411973569498411,0.0,0,0.001408103636427641,0.0
1.7159999999999989,20,1,0,0,0.0,0.0,0.0,79,148,0.13732016312799442,1.397688603543897,0.0,0,0.001408103636427641,0.0
1.7489999999999988,20,1,0,0,0.0,0.0,0.0,79,148,0.1376278470449231,1.3856602115271288,0.0,0,0.001408103636427641,0.0
1.7819999999999987,20,1,0,0,0.0,0.0,0.0,79,148,0.1364818250257568,1.3721543904620996,0.0,0,0.001408103636427641,0.0
1.8149999999999986,20,1,0,0,0.0,0.0,0.0,79,149,0.1346665532113116,1.3623768570152337,0.0,0,0.001408103636427641,0.0
1.8479999999999985,20,1,0,0,0.0,0.0,0.0,79,149,0.1324416897222592,1.3525767182131794,0.0,0,0.001408103636427641,0.0
1.8809999999999985,20,1,0,0,0.0,0.0,0.0,79,148,0.12996495669717145,1.338839742486428,0.0,0,0.001408103636427641,0.0
1.9139999999999984,20,1,0,0,0.0,0.0,0.0,77,148,0.12706449441470954,1.3122738993867076,0.0,0,0.001408103636427641,0.0
1.9469999999999983,20,1,0,0,0.0,0.0,0.0,77,148,0.12465979537303143,1.2872219511719423,0.0,0,0.001408103636427641,0.0
1.9799999999999982,20,1,0,0,0.0,0.0,0.0,76,148,0.1225723291572143,1.2577685746122629,0.0,0,0.001408103636427641,0.0
2.012999999999998,20,1,0,0,0.0,0.0,0.0,75,148,0.12102325456490784,1.2283829999678033,0.0,0,0.001408103636427641,0.0
2.045999999999998,20,1,0,0,0.0,0.0,0.0,75,148,0.1198475026248516,1.198396505813044,0.0,0,0.001408103636427641,0.0
2.078999999999998,20,1,0,0,0.0,0.0,0.0,75,148,0.11885445248733115,1.1681661079757664,0.0,0,0.001408103636427641,0.0
2.111999999999998,20,1,0,0,0.0,0.0,0.0,74,146,0.11852354458813877,1.1384550645677778,0.0,0,0.001408103636427641,0.0
2.144999999999998,20,1,0,0,0.0,0.0,0.0,74,145,0.1185066364257131,1.1124085398048578,0.0,0,0.001408103636427641,0.0
2.1779999999999977,20,1,0,0,0.0,0.0,0.0,74,144,0.11834262365431716,1.0880409755885063,0.0,0,0.001408103636427641,0.0
2.2109999999999976,20,2,0,0,0.0,0.0,0.0,74,144,0.11810284608653374,1.071844729131386,0.0,0,0.002816207272855282,0.0
2.2439999999999976,20,2,0,0,0.0,0.0,0.0,73,142,0.11804096167655657,1.0774095433004907,0.0,0,0.002816207272855282,0.0
2.2769999999999975,20,2,0,0,0.0,0.0,0.0,73,141,0.11793807956173652,1.0845891070541631,0.0,0,0.002816207272855282,0.0
2.3099999999999974,20,2,0,0,0.0,0.0,0.0,73,141,0.11792626807469837,1.09390927391539,0.0,0,0.002816207272855282,0.0
2.3429999999999973,20,2,0,0,0.0,0.0,0.0,73,140,0.11967981730768336,1.111404070057359,0.0,0,0.002816207272855282,0.0
2.3759999999999972,20,2,0,0,0.0,0.0,0.0,73,140,0.12447228661894216,1.1395996361164866,0.0,0,0.002816207272855282,0.0
2.408999999999997,20,2,0,0,0.0,0.0,0.0,73,139,0.135988852941116,1.1837187582170197,0.0,0,0.002816207272855282,0.0
2.441999999999997,20,2,0,0,0.0,0.0,0.0,71,138,0.15341605163106145,1.2202375707964017,0.0,0,0.002816207272855282,0.0
2.474999999999997,20,2,0,0,0.0,0.0,0.0,69,138,0.16942297859987784,1.2510816947749603,0.0,0,0.002816207272855282,0.0
2.507999999999997,20,2,0,0,0.0,0.0,0.0,68,137,0.18333515388798557,1.2768322167176023,0.0,0,0.002816207272855282,0.0
2.540999999999997,20,2,0,0,0.0,0.0,0.0,68,136,0.19505244665556118,1.2960130682409552,0.0,0,0.002816207272855282,0.0
2.5739999999999967,20,2,0,0,0.0,0.0,0.0,67,136,0.20507730063983906,1.311255014190295,0.0,0,0.002816207272855282,0.0
2.6069999999999967,20,2,0,0,0.0,0.0,0.0,66,136,0.21368831174103814,1.3217657322474166,0.0,0,0.002816207272855282,0.0
2.6399999999999966,20,2,0,0,0.0,0.0,0.0,66,135,0.22146361312684287,1.3293743272157457,0.0,0,0.002816207272855282,0.0
2.6729999999999965,20,2,0,0,0.0,0.0,0.0,66,133,0.228961573145386,1.3367095667289424,0.0,0,0.002816207272855282,0.0
2.7059999999999964,20,2,0,0,0.0,0.0,0.0,66,132,0.23613607830311242,1.342401155447472,0.0,0,0.002816207272855282,0.0
2.7389999999999963,20,2,0,0,0.0,0.0,0.0,66,132,0.2429311506136008,1.3465502323789347,0.0,0,0.002816207272855282,0.0
2.7719999999999962,20,2,0,0,0.0,0.0,0.0,65,130,0.24919395314107504,1.3485886037131602,0.0,0,0.002816207272855282,0.0
2.804999999999996,20,2,0,0,0.0,0.0,0.0,65,130,0.25483759249757276,1.3481823695944009,0.0,0,0.002816207272855282,0.0
2.837999999999996,20,2,0,0,0.0,0.0,0.0,64,130,0.2598472992919906,1.3452720109589837,0.0,0,0.002816207272855282,0.0
2.870999999999996,20,2,0,0,0.0,0.0,0.0,64,130,0.26427146590668105,1.3402288465311039,0.0,0,0.002816207272855282,0.0
2.903999999999996,20,2,0,0,0.0,0.0,0.0,63,130,0.2681709429853582,1.3335605995232367,0.0,0,0.002816207272855282,0.0
2.936999999999996,20,2,0,0,0.0,0.0,0.0,63,130,0.27153437778138684,1.3251364081149832,0.0,0,0.002816207272855282,0.0
2.9699999999999958,20,2,0,0,0.0,0.0,0.0,63,130,0.27427901500481133,1.3149823917820211,0.0,0,0.002816207272855282,0.0
3.0029999999999957,20,2,0,0,0.0,0.0,0.0,63,127,0.27659469325901664,1.3041414335814112,0.0,0,0.002816207272855282,0.0
3.0359999999999956,20,2,0,0,0.0,0.0,0.0,61,126,0.2782432158474346,1.2916937203736145,0.0,0,0.002816207272855282,0.0
3.0689999999999955,20,3,0,0,0.0,0.0,0.0,59,126,0.2798923685272125,1.3350350709022483,0.0,0,0.004224310909282923,0.0
3.1019999999999954,20,3,0,0,0.0,0.0,0.0,56,126,0.28113717667418703,1.3413239627012252,0.0,0,0.004224310909282923,0.0
3.1349999999999953,20,3,0,0,0.0,0.0,0.0,56,124,0.28951118125327924,1.3520028050613389,0.0,0,0.004224310909282923,0.0
3.1679999999999953,20,3,0,0,0.0,0.0,0.0,56,122,0.29097145463271745,1.3568959890318784,0.0,0,0.004224310909282923,0.0
3.200999999999995,20,3,0,0,0.0,0.0,0.0,53,119,0.29337160008840596,1.356541203957984,0.0,0,0.004224310909282923,0.0
3.233999999999995,20,3,0,0,0.0,0.0,0.0,53,119,0.2960697240866708,1.3523018605729256,0.0,0,0.004224310909282923,0.0
3.266999999999995,20,3,0,0,0.0,0.0,0.0,51,119,0.2982086791746544,1.3442428833859308,0.0,0,0.004224310909282923,0.0
3.299999999999995,20,3,0,0,0.0,0.0,0.0,50,118,0.29954456058556633,1.3332105507818672,0.0,0,0.004224310909282923,0.0
3.332999999999995,20,3,0,0,0.0,0.0,0.0,50,118,0.30034078069117165,1.3221037988695623,0.0,0,0.004224310909282923,0.0
3.3659999999999948,20,3,0,0,0.0,0.0,0.0,50,117,0.3005152741619205,1.3109809027152233,0.0,0,0.004224310909282923,0.0
3.3989999999999947,20,3,0,0,0.0,0.0,0.0,50,115,0.30023835932363385,1.3012568768069996,0.0,0,0.004224310909282923,0.0
3.4319999999999946,20,3,0,0,0.0,0.0,0.0,50,115,0.2996435624375532,1.2937870581735962,0.0,0,0.004224310909282923,0.0
3.4649999999999945,20,3,0,0,0.0,0.0,0.0,48,115,0.31309417656593314,1.2900430158508878,0.0,0,0.004224310909282923,0.0
3.4979999999999944,20,3,0,0,0.0,0.0,0.0,48,114,0.31865087788336194,1.2899434268921068,0.0,0,0.004224310909282923,0.0
3.5309999999999944,20,3,0,0,0.0,0.0,0.0,48,113,0.3247972938073428,1.288383458664738,0.0,0,0.004224310909282923,0.0
3.5639999999999943,20,3,0,0,0.0,0.0,0.0,47,113,0.3300158656614983,1.2862314911041963,0.0,0,0.004224310909282923,0.0
3.596999999999994,20,3,0,0,0.0,0.0,0.0,47,111,0.33511987090703477,1.2884216536747966,0.0,0,0.004224310909282923,0.0
3.629999999999994,20,4,0,0,0.0,0.0,0.0,47,110,0.3398985669165227,1.2676456391158126,0.0,0,0.005632414545710564,0.0
3.662999999999994,20,4,0,0,0.0,0.0,0.0,46,109,0.34482266062402933,1.2802311136244366,0.0,0,0.005632414545710564,0.0
3.695999999999994,20,4,0,0,0.0,0.0,0.0,45,108,0.3495387373522391,1.2918091569173487,0.0,0,0.005632414545710564,0.0
3.728999999999994,20,4,0,0,0.0,0.0,0.0,45,108,0.3540206888823795,1.3028434997714113,0.0,0,0.005632414545710564,0.0
3.761999999999994,20,4,0,0,0.0,0.0,0.0,43,108,0.3573088247688322,1.310451217512041,0.0,0,0.005632414545710564,0.0
3.7949999999999937,20,4,0,0,0.0,0.0,0.0,43,107,0.3592900162384995,1.314298552631367,0.0,0,0.005632414545710564,0.0
3.8279999999999936,20,4,0,0,0.0,0.0,0.0,42,107,0.3600685160663868,1.314525838132643,0.0,0,0.005632414545710564,0.0
3.8609999999999935,20,4,0,0,0.0,0.0,0.0,41,105,0.35963150241496267,1.3104816395495402,0.0,0,0.005632414545710564,0.0
3.8939999999999935,20,4,0,0,0.0,0.0,0.0,41,104,0.3582589607364245,1.3029361543941405,0.0,0,0.005632414545710564,0.0
3.9269999999999934,20,4,0,0,0.0,0.0,0.0,41,103,0.35642265113631516,1.293716158653738,0.0,0,0.005632414545710564,0.0
3.9599999999999933,20,4,0,0,0.0,0.0,0.0,41,103,0.3546215330787511,1.284985035632987,0.0,0,0.005632414545710564,0.0
3.992999999999993,20,4,0,0,0.0,0.0,0.0,41,103,0.3527128421773972,1.275909631080607,0.0,0,0.005632414545710564,0.0
4.025999999999994,20,4,0,0,0.0,0.0,0.0,41,103,0.3506096950369365,1.2660919460287348,0.0,0,0.005632414545710564,0.0
4.058999999999994,20,4,0,0,0.0,0.0,0.0,41,102,0.34796649960685,1.2539205301326728,0.0,0,0.005632414545710564,0.0
4.091999999999994,20,4,0,0,0.0,0.0,0.0,41,102,0.34520900491971956,1.2416724232190002,0.0,0,0.005632414545710564,0.0
4.124999999999995,20,4,0,0,0.0,0.0,0.0,41,101,0.34286424115546443,1.2321320434166976,0.0,0,0.005632414545710564,0.0
4.157999999999995,20,4,0,0,0.0,0.0,0.0,41,100,0.340802651086772,1.224800224673433,0.0,0,0.005632414545710564,0.0
4.190999999999995,20,4,0,0,0.0,0.0,0.0,41,100,0.33892268470586345,1.219335738328685,0.0,0,0.005632414545710564,0.0
4.223999999999996,20,4,0,0,0.0,0.0,0.0,41,99,0.3375940113867058,1.2177992734168763,0.0,0,0.005632414545710564,0.0
4.256999999999996,20,4,0,0,0.0,0.0,0.0,41,99,0.3360746654946156,1.2167609831146713,0.0,0,0.005632414545710564,0.0
4.2899999999999965,20,4,0,0,0.0,0.0,0.0,41,98,0.33425752501346956,1.216044616717341,0.0,0,0.005632414545710564,0.0
4.322999999999997,20,4,0,0,0.0,0.0,0.0,41,98,0.33260487864833443,1.2183628460506912,0.0,0,0.005632414545710564,0.0
4.355999999999997,20,4,0,0,0.0,0.0,0.0,41,98,0.33047949867556686,1.2208502363274674,0.0,0,0.005632414545710564,0.0
4.388999999999998,20,4,0,0,0.0,0.0,0.0,40,98,0.32794375592871944,1.2238256723623482,0.0,0,0.005632414545710564,0.0
4.421999999999998,20,4,0,0,0.0,0.0,0.0,40,98,0.3242918031729788,1.2231035907329244,0.0,0,0.005632414545710564,0.0
4.454999999999998,20,4,0,0,0.0,0.0,0.0,41,98,0.3203231200265271,1.2209791479670318,0.0,0,0.005632414545710564,0.0
4.487999999999999,20,4,0,0,0.0,0.0,0.0,41,98,0.3169437264127771,1.2191336282467868,0.0,0,0.005632414545710564,0.0
4.520999999999999,20,4,0,0,0.0,0.0,0.0,41,98,0.31378185140935744,1.2126856703035498,0.0,0,0.005632414545710564,0.0
4.553999999999999,20,4,0,0,0.0,0.0,0.0,41,97,0.3121328495587285,1.2072740823925083,0.0,0,0.005632414545710564,0.0
4.587,20,4,0,0,0.0,0.0,0.0,40,97,0.3114608479012125,1.2026108375334368,0.0,0,0.005632414545710564,0.0
4.62,20,4,0,0,0.0,0.0,0.0,40,96,0.32621737866297873,1.1978226652935837,0.0,0,0.005632414545710564,0.0
4.6530000000000005,20,4,0,0,0.0,0.0,0.0,39,96,0.3336067150170718,1.1936600091448386,0.0,0,0.005632414545710564,0.0
4.686000000000001,20,4,0,0,0.0,0.0,0.0,38,96,0.3392562580520961,1.1892684245533878,0.0,0,0.005632414545710564,0.0
4.719000000000001,20,4,0,0,0.0,0.0,0.0,39,95,0.3427501930113778,1.1847504298506555,0.0,0,0.005632414545710564,0.0
4.752000000000002,20,4,0,0,0.0,0.0,0.0,38,95,0.34422775832149327,1.1804548420704826,0.0,0,0.005632414545710564,0.0
4.785000000000002,20,4,0,0,0.0,0.0,0.0,38,94,0.3436850137043876,1.1744944781402156,0.0,0,0.005632414545710564,0.0
4.818000000000002,20,4,0,0,0.0,0.0,0.0,38,94,0.3419548162534101,1.1677545801279907,0.0,0,0.005632414545710564,0.0
4.851000000000003,20,4,0,0,0.0,0.0,0.0,38,93,0.3405732056870105,1.1614110170746452,0.0,0,0.005632414545710564,0.0
4.884000000000003,20,4,0,0,0.0,0.0,0.0,38,93,0.3410940758480486,1.154258160055961,0.0,0,0.005632414545710564,0.0
4.917000000000003,20,4,0,0,0.0,0.0,0.0,37,92,0.34279749864001435,1.1476738360889003,0.0,0,0.005632414545710564,0.0
4.950000000000004,20,4,0,0,0.0,0.0,0.0,36,92,0.3452353952261321,1.1444397840868656,0.0,0,0.005632414545710564,0.0
4.983000000000004,20,4,0,0,0.0,0.0,0.0,37,92,0.3487523725539462,1.1463282082789186,0.0,0,0.005632414545710564,0.0
5.0160000000000045,20,4,0,0,0.0,0.0,0.0,36,89,0.3533983587424715,1.1512847638779853,0.0,0,0.005632414545710564,0.0
5.049000000000005,20,4,0,0,0.0,0.0,0.0,36,87,0.35906978566250225,1.1594188332891626,0.0,0,0.005632414545710564,0.0
5.082000000000005,20,4,0,0,0.0,0.0,0.0,36,87,0.365219755156621,1.1676910059056356,0.0,0,0.005632414545710564,0.0
5.1150000000000055,20,5,0,0,0.0,0.0,0.0,36,86,0.37111994962883527,1.185989784283731,0.0,0,0.007040518182138205,0.0
5.148000000000006,20,5,0,0,0.0,0.0,0.0,36,86,0.3764172206269194,1.2083384106924862,0.0,0,0.007040518182138205,0.0
5.181000000000006,20,5,0,0,0.0,0.0,0.0,36,86,0.3807552461148208,1.2288076170109101,0.0,0,0.007040518182138205,0.0
5.214000000000007,20,5,0,0,0.0,0.0,0.0,36,85,0.38449214511881485,1.2484691564810455,0.0,0,0.007040518182138205,0.0
5.247000000000007,20,5,0,0,0.0,0.0,0.0,36,85,0.3872293997788788,1.2653543471796498,0.0,0,0.007040518182138205,0.0
5.280000000000007,20,5,0,0,0.0,0.0,0.0,35,85,0.38927627872831033,1.280302327233947,0.0,0,0.007040518182138205,0.0
5.313000000000008,20,5,0,0,0.0,0.0,0.0,34,84,0.39042859484752507,1.2920598987377911,0.0,0,0.007040518182138205,0.0
5.346000000000008,20,5,0,0,0.0,0.0,0.0,34,84,0.39087738079012957,1.3008617182750963,0.0,0,0.007040518182138205,0.0
5.379000000000008,20,5,0,0,0.0,0.0,0.0,34,82,0.39099424807171784,1.3073545752605458,0.0,0,0.007040518182138205,0.0
5.412000000000009,20,5,0,0,0.0,0.0,0.0,34,81,0.3913305120691082,1.3114873474795634,0.0,0,0.007040518182138205,0.0
5.445000000000009,20,5,0,0,0.0,0.0,0.0,33,80,0.39347963043904544,1.313756269702743,0.0,0,0.007040518182138205,0.0
5.4780000000000095,20,5,0,0,0.0,0.0,0.0,33,79,0.3962994493222912,1.3141696831347576,0.0,0,0.007040518182138205,0.0
5.51100000000001,20,5,0,0,0.0,0.0,0.0,32,78,0.39925908267559335,1.313042279775758,0.0,0,0.007040518182138205,0.0
5.54400000000001,20,5,0,0,0.0,0.0,0.0,32,78,0.4082295547580042,1.3146365978405679,0.0,0,0.007040518182138205,0.0
5.577000000000011,20,5,0,0,0.0,0.0,0.0,32,78,0.40061491231623314,1.265030660151893,0.0,0,0.007040518182138205,0.0
5.610000000000011,20,6,0,0,0.0,0.0,0.0,31,74,0.3957456545818712,1.1828399730308983,0.0,0,0.008448621818565845,0.0
5.643000000000011,20,6,0,0,0.0,0.0,0.0,31,73,0.3925709891907495,1.1652189374018669,0.0,0,0.008448621818565845,0.0
5.676000000000012,20,6,0,0,0.0,0.0,0.0,31,73,0.3911772743866758,1.1518204272753916,0.0,0,0.008448621818565845,0.0
5.709000000000012,20,6,0,0,0.0,0.0,0.0,29,72,0.3911611841509719,1.1413334631235006,0.0,0,0.008448621818565845,0.0
5.742000000000012,20,6,0,0,0.0,0.0,0.0,29,72,0.39101933116217696,1.131545150889007,0.0,0,0.008448621818565845,0.0
5.775000000000013,20,6,0,0,0.0,0.0,0.0,29,72,0.39000803504749226,1.1206664417413206,0.0,0,0.008448621818565845,0.0
5.808000000000013,20,6,0,0,0.0,0.0,0.0,29,72,0.38833256815406225,1.1094542256967694,0.0,0,0.008448621818565845,0.0
5.8410000000000135,20,6,0,0,0.0,0.0,0.0,29,71,0.38643146639427217,1.0992647892007368,0.0,0,0.008448621818565845,0.0
5.874000000000014,20,6,0,0,0.0,0.0,0.0,28,73,0.38386228418493856,1.0884073208127998,0.0,0,0.008448621818565845,0.0
5.907000000000014,20,6,0,0,0.0,0.0,0.0,27,74,0.3812463027817218,1.0786787118173382,0.0,0,0.008448621818565845,0.0
5.940000000000015,20,6,0,0,0.0,0.0,0.0,28,75,0.37847608850573555,1.0694799292103347,0.0,0,0.008448621818565845,0.0
5.973000000000015,20,6,0,0,0.0,0.0,0.0,28,74,0.37547620354891875,1.0604897846050607,0.0,0,0.008448621818565845,0.0
6.006000000000015,20,6,0,0,0.0,0.0,0.0,28,75,0.3719856186096825,1.05102158421546,0.0,0,0.008448621818565845,0.0
6.039000000000016,20,6,0,0,0.0,0.0,0.0,28,75,0.3680647768902761,1.0416361484160668,0.0,0,0.008448621818565845,0.0
6.072000000000016,20,6,0,0,0.0,0.0,0.0,28,75,0.36302863958536935,1.0303764567112583,0.0,0,0.008448621818565845,0.0
6.105000000000016,20,6,0,0,0.0,0.0,0.0,28,75,0.35696248364922556,1.0175920873522084,0.0,0,0.008448621818565845,0.0
6.138000000000017,20,6,0,0,0.0,0.0,0.0,28,75,0.3500045165441026,1.0031267452932204,0.0,0,0.008448621818565845,0.0
6.171000000000017,20,6,0,0,0.0,0.0,0.0,28,74,0.34403812301812187,0.9917104061003793,0.0,0,0.008448621818565845,0.0
6.2040000000000175,20,6,0,0,0.0,0.0,0.0,28,74,0.33977701029926805,0.9822770366481128,0.0,0,0.008448621818565845,0.0
6.237000000000018,20,6,0,0,0.0,0.0,0.0,27,73,0.3387100605620851,0.9758046183239354,0.0,0,0.008448621818565845,0.0
6.270000000000018,20,6,0,0,0.0,0.0,0.0,27,73,0.34058702084330805,0.9742818273670593,0.0,0,0.008448621818565845,0.0
6.303000000000019,20,6,0,0,0.0,0.0,0.0,27,74,0.34314264717241527,0.974261239377047,0.0,0,0.008448621818565845,0.0
6.336000000000019,20,6,0,0,0.0,0.0,0.0,28,74,0.34588561064800627,0.9754755515336383,0.0,0,0.008448621818565845,0.0
6.369000000000019,20,6,0,0,0.0,0.0,0.0,27,74,0.34820718254396443,0.9761671542747957,0.0,0,0.008448621818565845,0.0
6.40200000000002,20,6,0,0,0.0,0.0,0.0,26,73,0.34978931198217744,0.9751646044268871,0.0,0,0.008448621818565845,0.0
6.43500000000002,20,6,0,0,0.0,0.0,0.0,26,73,0.35071843502498246,0.9724854777096893,0.0,0,0.008448621818565845,0.0
6.46800000000002,20,6,0,0,0.0,0.0,0.0,26,73,0.3510559566128429,0.9679969942044088,0.0,0,0.008448621818565845,0.0
6.501000000000021,20,6,0,0,0.0,0.0,0.0,26,73,0.3508590538582194,0.9615325945003198,0.0,0,0.008448621818565845,0.0
6.534000000000021,20,6,0,0,0.0,0.0,0.0,26,73,0.3507053188270821,0.9546725712154505,0.0,0,0.008448621818565845,0.0
6.5670000000000215,20,6,0,0,0.0,0.0,0.0,26,73,0.3503583099164948,0.9463226201157099,0.0,0,0.008448621818565845,0.0
6.600000000000022,20,6,0,0,0.0,0.0,0.0,27,72,0.3502068316506887,0.9375472560677965,0.0,0,0.008448621818565845,0.0
6.633000000000022,20,6,0,0,0.0,0.0,0.0,27,72,0.3426833931253842,0.9029992789985443,0.0,0,0.008448621818565845,0.0
6.666000000000023,20,6,0,0,0.0,0.0,0.0,28,72,0.3372052053544802,0.8746455496213162,0.0,0,0.008448621818565845,0.0
6.699000000000023,20,6,0,0,0.0,0.0,0.0,28,71,0.3333950756261096,0.8506321430107722,0.0,0,0.008448621818565845,0.0
6.732000000000023,20,6,0,0,0.0,0.0,0.0,28,71,0.33361984877678125,0.8301362740157773,0.0,0,0.008448621818565845,0.0
6.765000000000024,20,6,0,0,0.0,0.0,0.0,27,71,0.3334887407327926,0.8121847378860174,0.0,0,0.008448621818565845,0.0
6.798000000000024,20,6,0,0,0.0,0.0,0.0,27,71,0.3375592565116397,0.7960084320240445,0.0,0,0.008448621818565845,0.0
6.831000000000024,20,7,0,0,0.0,0.0,0.0,27,70,0.3411425895036376,0.8176705656940074,0.0,0,0.009856725454993486,0.0
6.864000000000025,20,7,0,0,0.0,0.0,0.0,27,70,0.3451203970018982,0.8127124616117516,0.0,0,0.009856725454993486,0.0
6.897000000000025,20,7,0,0,0.0,0.0,0.0,28,69,0.34917066427450416,0.8093578691400847,0.0,0,0.009856725454993486,0.0
6.9300000000000255,20,7,0,0,0.0,0.0,0.0,26,68,0.35325355035084866,0.8074669431781466,0.0,0,0.009856725454993486,0.0
6.963000000000026,20,7,0,0,0.0,0.0,0.0,26,68,0.35793852883947463,0.8085639930813123,0.0,0,0.009856725454993486,0.0
6.996000000000026,20,7,0,0,0.0,0.0,0.0,26,68,0.3627704624200475,0.8111871430851219,0.0,0,0.009856725454993486,0.0
7.029000000000027,20,7,0,0,0.0,0.0,0.0,26,68,0.3675496576035996,0.8145553157877975,0.0,0,0.009856725454993486,0.0
7.062000000000027,20,7,0,0,0.0,0.0,0.0,25,68,0.3723814418690112,0.8187163253451502,0.0,0,0.009856725454993486,0.0
7.095000000000027,20,7,0,0,0.0,0.0,0.0,25,68,0.3768539504914316,0.8222120473917818,0.0,0,0.009856725454993486,0.0
7.128000000000028,20,7,0,0,0.0,0.0,0.0,25,66,0.3810352827986603,0.8249720694366924,0.0,0,0.009856725454993486,0.0
7.161000000000028,20,8,0,0,0.0,0.0,0.0,26,65,0.3846273013498446,0.8087011305671177,0.0,0,0.011264829091421128,0.0
7.194000000000028,20,8,0,0,0.0,0.0,0.0,25,68,0.38829964498887076,0.8147990827452051,0.0,0,0.011264829091421128,0.0
7.227000000000029,20,8,0,0,0.0,0.0,0.0,25,68,0.39174606521056504,0.8205925810505523,0.0,0,0.011264829091421128,0.0
7.260000000000029,20,8,0,0,0.0,0.0,0.0,25,68,0.39489322168208424,0.8260355524193392,0.0,0,0.011264829091421128,0.0
7.2930000000000295,20,8,0,0,0.0,0.0,0.0,24,68,0.39823099190991357,0.8324792781413867,0.0,0,0.011264829091421128,0.0
7.32600000000003,20,8,0,0,0.0,0.0,0.0,25,69,0.40092229245586275,0.8379123764937619,0.0,0,0.011264829091421128,0.0
7.35900000000003,20,8,0,0,0.0,0.0,0.0,25,69,0.40315861556315946,0.8428617344654095,0.0,0,0.011264829091421128,0.0
7.3920000000000305,20,8,0,0,0.0,0.0,0.0,25,68,0.4046837038933873,0.8467024461390137,0.0,0,0.011264829091421128,0.0
7.425000000000031,20,8,0,0,0.0,0.0,0.0,25,68,0.405328851830573,0.8489942641639411,0.0,0,0.011264829091421128,0.0
7.458000000000031,20,8,0,0,0.0,0.0,0.0,25,67,0.4051979859602587,0.8499404191923224,0.0,0,0.011264829091421128,0.0
7.491000000000032,20,8,0,0,0.0,0.0,0.0,25,67,0.40455142281525996,0.8500687455423557,0.0,0,0.011264829091421128,0.0
7.524000000000032,20,8,0,0,0.0,0.0,0.0,26,66,0.40331504765302045,0.8489732218247364,0.0,0,0.011264829091421128,0.0
7.557000000000032,20,8,0,0,0.0,0.0,0.0,26,66,0.4016810757741475,0.8467774280054149,0.0,0,0.011264829091421128,0.0
7.590000000000033,20,8,0,0,0.0,0.0,0.0,26,66,0.39987868756605655,0.8435671567320627,0.0,0,0.011264829091421128,0.0
7.623000000000033,20,8,0,0,0.0,0.0,0.0,25,66,0.39730548463515697,0.8373324537922355,0.0,0,0.011264829091421128,0.0
7.6560000000000334,20,8,0,0,0.0,0.0,0.0,25,66,0.39522939685811564,0.8309524294656532,0.0,0,0.011264829091421128,0.0
7.689000000000034,20,8,0,0,0.0,0.0,0.0,25,66,0.3932725318038245,0.8236020908972261,0.0,0,0.011264829091421128,0.0
7.722000000000034,20,8,0,0,0.0,0.0,0.0,25,65,0.3912650121904811,0.8153459126495064,0.0,0,0.011264829091421128,0.0
7.7550000000000345,20,8,0,0,0.0,0.0,0.0,25,66,0.3891463856456881,0.8066504095354816,0.0,0,0.011264829091421128,0.0
7.788000000000035,20,8,0,0,0.0,0.0,0.0,25,66,0.38653937537995386,0.7970962331991975,0.0,0,0.011264829091421128,0.0
7.821000000000035,20,8,0,0,0.0,0.0,0.0,24,66,0.38386228595366534,0.788055170707123,0.0,0,0.011264829091421128,0.0
7.854000000000036,20,8,0,0,0.0,0.0,0.0,25,66,0.38283634613552975,0.7839508254329319,0.0,0,0.011264829091421128,0.0
7.887000000000036,20,8,0,0,0.0,0.0,0.0,25,65,0.3817067611408306,0.7803541783631722,0.0,0,0.011264829091421128,0.0
7.920000000000036,20,8,0,0,0.0,0.0,0.0,25,65,0.3806717300588016,0.7776114100130577,0.0,0,0.011264829091421128,0.0
7.953000000000037,20,8,0,0,0.0,0.0,0.0,25,65,0.3794160048737062,0.774729946461207,0.0,0,0.011264829091421128,0.0
7.986000000000037,20,8,0,0,0.0,0.0,0.0,25,65,0.3778833044038091,0.7713510301509976,0.0,0,0.011264829091421128,0.0
8.019000000000037,20,8,0,0,0.0,0.0,0.0,25,65,0.37659211710163926,0.768569999410632,0.0,0,0.011264829091421128,0.0
8.052000000000037,20,8,0,0,0.0,0.0,0.0,25,67,0.37578160013603173,0.7670933440160068,0.0,0,0.011264829091421128,0.0
8.085000000000036,20,8,0,0,0.0,0.0,0.0,26,66,0.3752416166953715,0.765856905780755,0.0,0,0.011264829091421128,0.0
8.118000000000036,20,8,0,0,0.0,0.0,0.0,26,67,0.3648787329914628,0.7395849076834827,0.0,0,0.011264829091421128,0.0
8.151000000000035,20,8,0,0,0.0,0.0,0.0,26,66,0.35665550944021124,0.7181858197273844,0.0,0,0.011264829091421128,0.0
8.184000000000035,20,8,0,0,0.0,0.0,0.0,25,66,0.34930984788888564,0.6998172954190133,0.0,0,0.011264829091421128,0.0
8.217000000000034,20,8,0,0,0.0,0.0,0.0,25,66,0.34418105189913556,0.6860845275932257,0.0,0,0.011264829091421128,0.0
8.250000000000034,20,8,0,0,0.0,0.0,0.0,25,66,0.33993128715947196,0.673803694339661,0.0,0,0.011264829091421128,0.0
8.283000000000033,20,8,0,0,0.0,0.0,0.0,25,65,0.336572908188184,0.6631543146359281,0.0,0,0.011264829091421128,0.0
8.316000000000033,20,9,0,0,0.0,0.0,0.0,26,65,0.3340391052323667,0.6667849626892374,0.0,0,0.012672932727848769,0.0
8.349000000000032,20,9,0,0,0.0,0.0,0.0,26,65,0.3321133650122119,0.6637601398636023,0.0,0,0.012672932727848769,0.0
8.382000000000032,20,9,0,0,0.0,0.0,0.0,26,65,0.3457346858158756,0.6949896675071332,0.0,0,0.012672932727848769,0.0
8.415000000000031,20,9,0,0,0.0,0.0,0.0,26,65,0.3579046482283448,0.7225814570582375,0.0,0,0.012672932727848769,0.0
8.44800000000003,20,9,0,0,0.0,0.0,0.0,26,65,0.36902374571271773,0.747189059879918,0.0,0,0.012672932727848769,0.0
8.48100000000003,20,9,0,0,0.0,0.0,0.0,26,64,0.3791458615885109,0.7686042630770487,0.0,0,0.012672932727848769,0.0
8.51400000000003,20,9,0,0,0.0,0.0,0.0,26,64,0.3883449409266986,0.7870161217468319,0.0,0,0.012672932727848769,0.0
8.547000000000029,20,9,0,0,0.0,0.0,0.0,26,64,0.3963878616023367,0.8022994900474523,0.0,0,0.012672932727848769,0.0
8.580000000000028,20,9,0,0,0.0,0.0,0.0,25,64,0.4031357458057839,0.8144519602354301,0.0,0,0.012672932727848769,0.0
8.613000000000028,20,9,0,0,0.0,0.0,0.0,24,63,0.40871281403238624,0.8239300691591268,0.0,0,0.012672932727848769,0.0
8.646000000000027,20,9,0,0,0.0,0.0,0.0,24,62,0.41292374235534135,0.8304276645863716,0.0,0,0.012672932727848769,0.0
8.679000000000027,20,9,0,0,0.0,0.0,0.0,24,62,0.42210997501231795,0.8354823497391727,0.0,0,0.012672932727848769,0.0
8.712000000000026,20,9,0,0,0.0,0.0,0.0,23,62,0.4236913958716624,0.8385077692805364,0.0,0,0.012672932727848769,0.0
8.745000000000026,20,9,0,0,0.0,0.0,0.0,23,60,0.4263761097782438,0.8396484039146802,0.0,0,0.012672932727848769,0.0
8.778000000000025,20,9,0,0,0.0,0.0,0.0,23,60,0.43106970076403267,0.8396190640268154,0.0,0,0.012672932727848769,0.0
8.811000000000025,20,9,0,0,0.0,0.0,0.0,22,61,0.4347847194036357,0.8391474181732553,0.0,0,0.012672932727848769,0.0
8.844000000000024,20,9,0,0,0.0,0.0,0.0,22,61,0.43753627959639685,0.8382081395696999,0.0,0,0.012672932727848769,0.0
8.877000000000024,20,9,0,0,0.0,0.0,0.0,22,61,0.43950928305737574,0.8369983799525645,0.0,0,0.012672932727848769,0.0
8.910000000000023,20,9,0,0,0.0,0.0,0.0,22,61,0.44056536192660845,0.8348930373394995,0.0,0,0.012672932727848769,0.0
8.943000000000023,20,9,0,0,0.0,0.0,0.0,22,60,0.4410003421377325,0.8321779331591969,0.0,0,0.012672932727848769,0.0
8.976000000000022,20,9,0,0,0.0,0.0,0.0,22,60,0.44074446186114125,0.8283397278960589,0.0,0,0.012672932727848769,0.0
9.009000000000022,20,9,0,0,0.0,0.0,0.0,22,58,0.4402744119048436,0.824156279566569,0.0,0,0.012672932727848769,0.0
9.042000000000021,20,9,0,0,0.0,0.0,0.0,22,57,0.4396521501837366,0.8196105382732095,0.0,0,0.012672932727848769,0.0
9.07500000000002,20,9,0,0,0.0,0.0,0.0,22,56,0.4392368998233625,0.8155264431119421,0.0,0,0.012672932727848769,0.0
9.10800000000002,20,9,0,0,0.0,0.0,0.0,22,55,0.43876904022448526,0.8115383200544453,0.0,0,0.012672932727848769,0.0
9.14100000000002,20,10,0,0,0.0,0.0,0.0,23,55,0.4385042036169334,0.8312284198783662,0.0,0,0.01408103636427641,0.0
9.174000000000019,20,10,0,0,0.0,0.0,0.0,23,55,0.4382085525598288,0.8283779684890307,0.0,0,0.01408103636427641,0.0
9.207000000000019,20,10,0,0,0.0,0.0,0.0,22,55,0.43696631415549536,0.8236569063193917,0.0,0,0.01408103636427641,0.0
9.240000000000018,20,10,0,0,0.0,0.0,0.0,22,54,0.4361212617653929,0.8197140046903455,0.0,0,0.01408103636427641,0.0
9.273000000000017,20,10,0,0,0.0,0.0,0.0,22,53,0.43674271314031365,0.8186752172087226,0.0,0,0.01408103636427641,0.0
9.306000000000017,20,10,0,0,0.0,0.0,0.0,22,53,0.4366896378473717,0.8162796961236707,0.0,0,0.01408103636427641,0.0
9.339000000000016,20,10,0,0,0.0,0.0,0.0,22,53,0.4362894246126895,0.8132245085096379,0.0,0,0.01408103636427641,0.0
9.372000000000016,20,10,0,0,0.0,0.0,0.0,22,53,0.4515472265340305,0.8415567529832494,0.0,0,0.01408103636427641,0.0
9.405000000000015,20,10,0,0,0.0,0.0,0.0,22,53,0.46419566728775025,0.8647654409225064,0.0,0,0.01408103636427641,0.0
9.438000000000015,20,10,0,0,0.0,0.0,0.0,21,53,0.47225370939250116,0.8788987295427416,0.0,0,0.01408103636427641,0.0
9.471000000000014,20,10,0,0,0.0,0.0,0.0,21,53,0.4692397783226935,0.8709930001904007,0.0,0,0.01408103636427641,0.0
9.504000000000014,20,10,0,0,0.0,0.0,0.0,21,53,0.46094329684646257,0.8526195514453041,0.0,0,0.01408103636427641,0.0
9.537000000000013,20,10,0,0,0.0,0.0,0.0,21,53,0.46858830369444665,0.8662154584578537,0.0,0,0.01408103636427641,0.0
9.570000000000013,20,10,0,0,0.0,0.0,0.0,21,53,0.45885295214143085,0.8451231289944727,0.0,0,0.01408103636427641,0.0
9.603000000000012,20,10,0,0,0.0,0.0,0.0,21,53,0.44774832331236664,0.821350211098624,0.0,0,0.01408103636427641,0.0
9.636000000000012,20,10,0,0,0.0,0.0,0.0,21,53,0.4355815612768958,0.7954977248205998,0.0,0,0.01408103636427641,0.0
9.669000000000011,20,10,0,0,0.0,0.0,0.0,22,52,0.4238190080587885,0.7704876500035471,0.0,0,0.01408103636427641,0.0
9.70200000000001,20,10,0,0,0.0,0.0,0.0,22,52,0.41572970257146763,0.7528509876773445,0.0,0,0.01408103636427641,0.0
9.73500000000001,20,10,0,0,0.0,0.0,0.0,22,51,0.41431071676681175,0.7485804392241954,0.0,0,0.01408103636427641,0.0
9.76800000000001,20,10,0,0,0.0,0.0,0.0,22,51,0.4162745672837045,0.7511034176778209,0.0,0,0.01408103636427641,0.0
9.801000000000009,20,10,0,0,0.0,0.0,0.0,23,52,0.41958064479936585,0.7539963648175392,0.0,0,0.01408103636427641,0.0
9.834000000000009,20,10,0,0,0.0,0.0,0.0,24,53,0.4261047533311828,0.7527363172753437,0.0,0,0.01408103636427641,0.0
9.867000000000008,20,10,0,0,0.0,0.0,0.0,24,52,0.42760524096420055,0.7482235886783466,0.0,0,0.01408103636427641,0.0
9.900000000000007,20,10,0,0,0.0,0.0,0.0,24,52,0.43884434402823835,0.7528570551184446,0.0,0,0.01408103636427641,0.0
9.933000000000007,20,10,0,0,0.0,0.0,0.0,24,52,0.4484867573067198,0.7560206803844511,0.0,0,0.01408103636427641,0.0
9.966000000000006,20,10,0,0,0.0,0.0,0.0,24,52,0.4568706541218776,0.7584740381123037,0.0,0,0.01408103636427641,0.0
9.999000000000006,20,10,0,0,0.0,0.0,0.0,23,52,0.4648679283396267,0.7618901592697418,0.0,0,0.01408103636427641,0.0
10.032000000000005,20,10,0,0,0.0,0.0,0.0,23,52,0.47303385008587595,0.7672553307316746,0.0,0,0.01408103636427641,0.0
10.065000000000005,20,10,0,0,0.0,0.0,0.0,22,52,0.4810774019957035,0.7738243211508335,0.0,0,0.01408103636427641,0.0
10.098000000000004,20,10,0,0,0.0,0.0,0.0,22,52,0.48850723259856765,0.7804235392814347,0.0,0,0.01408103636427641,0.0
10.131000000000004,20,10,0,0,0.0,0.0,0.0,22,52,0.4959545037171874,0.7880927719808712,0.0,0,0.01408103636427641,0.0
10.164000000000003,20,10,0,0,0.0,0.0,0.0,22,52,0.5022919439725748,0.7942843975396771,0.0,0,0.01408103636427641,0.0
10.197000000000003,20,10,0,0,0.0,0.0,0.0,23,52,0.5074296722059803,0.7983003227385725,0.0,0,0.01408103636427641,0.0
10.230000000000002,20,10,0,0,0.0,0.0,0.0,22,52,0.5127283851944634,0.8019381420677119,0.0,0,0.01408103636427641,0.0
10.263000000000002,20,10,0,0,0.0,0.0,0.0,22,51,0.5175841257444563,0.8036049278551542,0.0,0,0.01408103636427641,0.0
10.296000000000001,20,10,0,0,0.0,0.0,0.0,22,52,0.5250053852240784,0.8045957439939156,0.0,0,0.01408103636427641,0.0
10.329,20,10,0,0,0.0,0.0,0.0,22,52,0.5350539295855626,0.8064142092536711,0.0,0,0.01408103636427641,0.0
10.362,20,10,0,0,0.0,0.0,0.0,20,51,0.5449582083805463,0.8068976873026308,0.0,0,0.01408103636427641,0.0
10.395,20,10,0,0,0.0,0.0,0.0,20,51,0.5449615820168117,0.789681889095728,0.0,0,0.01408103636427641,0.0
10.427999999999999,20,10,0,0,0.0,0.0,0.0,20,50,0.5445202185986702,0.7746597695571674,0.0,0,0.01408103636427641,0.0
10.460999999999999,20,10,0,0,0.0,0.0,0.0,20,50,0.5536178122010875,0.7822857993102715,0.0,0,0.01408103636427641,0.0
10.493999999999998,20,10,0,0,0.0,0.0,0.0,19,50,0.5580043563386112,0.7841676933904979,0.0,0,0.01408103636427641,0.0
10.526999999999997,20,10,0,0,0.0,0.0,0.0,19,47,0.5528338634229727,0.7708597634596406,0.0,0,0.01408103636427641,0.0
10.559999999999997,20,10,0,0,0.0,0.0,0.0,20,47,0.5464426006899625,0.760148620002715,0.0,0,0.01408103636427641,0.0
10.592999999999996,20,10,0,0,0.0,0.0,0.0,20,48,0.5381973136306153,0.7523362738170223,0.0,0,0.01408103636427641,0.0
10.625999999999996,20,10,0,0,0.0,0.0,0.0,20,48,0.5281316103386422,0.7469293785677682,0.0,0,0.01408103636427641,0.0
10.658999999999995,20,11,0,0,0.0,0.0,0.0,20,48,0.5208745357798421,0.7825027007369858,0.0,0,0.01548914000070405,0.0
10.691999999999995,20,11,0,0,0.0,0.0,0.0,19,47,0.5260137845456011,0.781416341465225,0.0,0,0.01548914000070405,0.0
10.724999999999994,20,11,0,0,0.0,0.0,0.0,18,47,0.5327333288246289,0.7792909458540734,0.0,0,0.01548914000070405,0.0
10.757999999999994,20,11,0,0,0.0,0.0,0.0,18,47,0.5349243238209376,0.7750472646806709,0.0,0,0.01548914000070405,0.0
10.790999999999993,20,11,0,0,0.0,0.0,0.0,19,47,0.5242312751609717,0.753846181168252,0.0,0,0.01548914000070405,0.0
10.823999999999993,20,11,0,0,0.0,0.0,0.0,19,47,0.5060857003071091,0.7239159087306926,0.0,0,0.01548914000070405,0.0
10.856999999999992,20,11,0,0,0.0,0.0,0.0,18,47,0.5312116634883078,0.7755317187032581,0.0,0,0.01548914000070405,0.0
10.889999999999992,20,11,0,0,0.0,0.0,0.0,20,46,0.5384407236963502,0.7957152965914465,0.0,0,0.01548914000070405,0.0
10.922999999999991,20,11,0,0,0.0,0.0,0.0,20,46,0.5296832561131831,0.7864223807501992,0.0,0,0.01548914000070405,0.0
10.95599999999999,20,11,0,0,0.0,0.0,0.0,20,46,0.5211685453675073,0.7759107334836574,0.0,0,0.01548914000070405,0.0
10.98899999999999,20,11,0,0,0.0,0.0,0.0,20,46,0.5138173184303654,0.7650924834815869,0.0,0,0.01548914000070405,0.0
11.02199999999999,20,11,0,0,0.0,0.0,0.0,20,48,0.4989295817879479,0.7381239318559221,0.0,0,0.01548914000070405,0.0
11.054999999999989,20,11,0,0,0.0,0.0,0.0,20,48,0.4870739934566218,0.7147863494370086,0.0,0,0.01548914000070405,0.0
11.087999999999989,20,11,0,0,0.0,0.0,0.0,20,48,0.47786313054932944,0.6950773173641475,0.0,0,0.01548914000070405,0.0
11.120999999999988,20,11,0,0,0.0,0.0,0.0,20,47,0.4708523118483711,0.6787291587710089,0.0,0,0.01548914000070405,0.0
11.153999999999987,20,11,0,0,0.0,0.0,0.0,20,46,0.4665017288248099,0.6670041210611622,0.0,0,0.01548914000070405,0.0
11.186999999999987,20,11,0,0,0.0,0.0,0.0,20,46,0.46460986948054417,0.6595002034483186,0.0,0,0.01548914000070405,0.0
11.219999999999986,20,11,0,0,0.0,0.0,0.0,20,45,0.46410384626637047,0.6542829004578867,0.0,0,0.01548914000070405,0.0
11.252999999999986,20,11,0,0,0.0,0.0,0.0,20,44,0.4645718159335635,0.6513573380550924,0.0,0,0.01548914000070405,0.0
11.285999999999985,20,11,0,0,0.0,0.0,0.0,20,44,0.4662400435861234,0.650222609415731,0.0,0,0.01548914000070405,0.0
11.318999999999985,20,12,0,0,0.0,0.0,0.0,20,43,0.4698456425124392,0.6820713683409462,0.0,0,0.01689724363713169,0.0
11.351999999999984,20,12,0,0,0.0,0.0,0.0,20,43,0.47362041498459034,0.6884482770992695,0.0,0,0.01689724363713169,0.0
11.384999999999984,20,12,0,0,0.0,0.0,0.0,20,42,0.4777265926437339,0.6952411181789677,0.0,0,0.01689724363713169,0.0
11.417999999999983,20,12,0,0,0.0,0.0,0.0,20,42,0.4814473589894316,0.7013142470731557,0.0,0,0.01689724363713169,0.0
11.450999999999983,20,12,0,0,0.0,0.0,0.0,19,42,0.4846836205763327,0.7065320559005301,0.0,0,0.01689724363713169,0.0
11.483999999999982,20,12,0,0,0.0,0.0,0.0,19,42,0.48709193742501455,0.7103350981766753,0.0,0,0.01689724363713169,0.0
11.516999999999982,20,12,0,0,0.0,0.0,0.0,19,42,0.4902072714006317,0.7152862956206635,0.0,0,0.01689724363713169,0.0
11.549999999999981,20,12,0,0,0.0,0.0,0.0,19,42,0.49253013925006117,0.7188890733423731,0.0,0,0.01689724363713169,0.0
11.58299999999998,20,12,0,0,0.0,0.0,0.0,18,42,0.49555921959488664,0.7236483002369605,0.0,0,0.01689724363713169,0.0
11.61599999999998,20,12,0,0,0.0,0.0,0.0,17,42,0.4977156523040015,0.7269484308666901,0.0,0,0.01689724363713169,0.0
11.64899999999998,20,12,0,0,0.0,0.0,0.0,18,42,0.5000062766848702,0.7304962569581703,0.0,0,0.01689724363713169,0.0
11.681999999999979,20,12,0,0,0.0,0.0,0.0,18,42,0.5014820025826936,0.7327523137838129,0.0,0,0.01689724363713169,0.0
11.714999999999979,20,12,0,0,0.0,0.0,0.0,19,42,0.5020749569635894,0.7358874817466567,0.0,0,0.01689724363713169,0.0
11.747999999999978,20,12,0,0,0.0,0.0,0.0,18,42,0.5105794634287831,0.7386728861640534,0.0,0,0.01689724363713169,0.0
11.780999999999977,20,12,0,0,0.0,0.0,0.0,18,42,0.5188871041133416,0.7395759708698927,0.0,0,0.01689724363713169,0.0
11.813999999999977,20,12,0,0,0.0,0.0,0.0,18,42,0.5241535495741941,0.7369627882683453,0.0,0,0.01689724363713169,0.0
11.846999999999976,20,12,0,0,0.0,0.0,0.0,18,41,0.5283100819959993,0.7346093858965999,0.0,0,0.01689724363713169,0.0
11.879999999999976,20,12,0,0,0.0,0.0,0.0,17,42,0.5317963336356996,0.7332231798258552,0.0,0,0.01689724363713169,0.0
11.912999999999975,20,12,0,0,0.0,0.0,0.0,18,42,0.5328878532274092,0.7293904645339411,0.0,0,0.01689724363713169,0.0
11.945999999999975,20,12,0,0,0.0,0.0,0.0,18,41,0.535182302494252,0.7282337442420639,0.0,0,0.01689724363713169,0.0
11.978999999999974,20,12,0,0,0.0,0.0,0.0,18,41,0.5393460453381562,0.7300001378376905,0.0,0,0.01689724363713169,0.0
12.011999999999974,20,12,0,0,0.0,0.0,0.0,18,41,0.5423962895646796,0.7291714052882461,0.0,0,0.01689724363713169,0.0
12.044999999999973,20,12,0,0,0.0,0.0,0.0,18,41,0.5435354378786629,0.7243499605967996,0.0,0,0.01689724363713169,0.0
12.077999999999973,20,12,0,0,0.0,0.0,0.0,19,40,0.5462333403796938,0.7218392089739761,0.0,0,0.01689724363713169,0.0
12.110999999999972,20,12,0,0,0.0,0.0,0.0,20,40,0.5486876875172537,0.7196616406009532,0.0,0,0.01689724363713169,0.0
12.143999999999972,20,12,0,0,0.0,0.0,0.0,20,39,0.5485726131828708,0.7151029232376849,0.0,0,0.01689724363713169,0.0
12.176999999999971,20,12,0,0,0.0,0.0,0.0,21,38,0.5447531170862496,0.7072131198431344,0.0,0,0.01689724363713169,0.0
12.20999999999997,20,12,0,0,0.0,0.0,0.0,20,38,0.5376344197131642,0.6972399211471197,0.0,0,0.01689724363713169,0.0
12.24299999999997,20,12,0,0,0.0,0.0,0.0,18,38,0.5286551734923041,0.6875688272495647,0.0,0,0.01689724363713169,0.0
12.27599999999997,20,12,0,0,0.0,0.0,0.0,18,37,0.5216564793638806,0.6835082107024055,0.0,0,0.01689724363713169,0.0
12.308999999999969,20,12,0,0,0.0,0.0,0.0,18,39,0.5184696687050273,0.6852825915157904,0.0,0,0.01689724363713169,0.0
12.341999999999969,20,12,0,0,0.0,0.0,0.0,20,39,0.5190346605451227,0.689053801975117,0.0,0,0.01689724363713169,0.0
12.374999999999968,20,12,0,0,0.0,0.0,0.0,20,39,0.5306380751664447,0.7060602579980589,0.0,0,0.01689724363713169,0.0
12.407999999999967,20,12,0,0,0.0,0.0,0.0,19,41,0.5425609343138943,0.7220304211814564,0.0,0,0.01689724363713169,0.0
12.440999999999967,20,12,0,0,0.0,0.0,0.0,19,41,0.5537224485007851,0.7375446688941188,0.0,0,0.01689724363713169,0.0
12.473999999999966,20,12,0,0,0.0,0.0,0.0,19,40,0.5647137541783199,0.7534371760581217,0.0,0,0.01689724363713169,0.0
12.506999999999966,20,12,0,0,0.0,0.0,0.0,18,41,0.5747113835682349,0.7683157049288191,0.0,0,0.01689724363713169,0.0
12.539999999999965,20,13,0,0,0.0,0.0,0.0,18,39,0.5835171602834641,0.7939581917665532,0.0,0,0.01830534727355933,0.0
12.572999999999965,20,13,0,0,0.0,0.0,0.0,18,38,0.5913072819370755,0.8100308000328178,0.0,0,0.01830534727355933,0.0
12.605999999999964,20,13,0,0,0.0,0.0,0.0,18,38,0.5986616869129711,0.8247543243220269,0.0,0,0.01830534727355933,0.0
12.638999999999964,20,13,0,0,0.0,0.0,0.0,18,37,0.5983160319261466,0.8266228750472835,0.0,0,0.01830534727355933,0.0
12.671999999999963,20,13,0,0,0.0,0.0,0.0,17,38,0.5987342880224479,0.8285297693786513,0.0,0,0.01830534727355933,0.0
12.704999999999963,20,13,0,0,0.0,0.0,0.0,15,38,0.5998011112725783,0.8302895936674523,0.0,0,0.01830534727355933,0.0
12.737999999999962,20,14,0,0,0.0,0.0,0.0,15,37,0.6018940654609265,0.8344452285993793,0.0,0,0.01971345090998697,0.0
12.770999999999962,20,14,0,0,0.0,0.0,0.0,14,37,0.604007748519269,0.83771407759792,0.0,0,0.01971345090998697,0.0
12.803999999999961,20,14,0,0,0.0,0.0,0.0,14,38,0.6060569859445952,0.8402282226159612,0.0,0,0.01971345090998697,0.0
12.83699999999996,20,14,0,0,0.0,0.0,0.0,14,38,0.6070186700906309,0.8405500405397239,0.0,0,0.01971345090998697,0.0
12.86999999999996,20,14,0,0,0.0,0.0,0.0,14,38,0.6072179865370577,0.8392188594692234,0.0,0,0.01971345090998697,0.0
12.90299999999996,20,14,0,0,0.0,0.0,0.0,14,37,0.6002587119426044,0.8272013627320204,0.0,0,0.01971345090998697,0.0
12.935999999999959,20,14,0,0,0.0,0.0,0.0,14,36,0.5935908794021169,0.8152545421050322,0.0,0,0.01971345090998697,0.0
12.968999999999959,20,14,0,0,0.0,0.0,0.0,13,36,0.5865429648678991,0.8025321345250179,0.0,0,0.01971345090998697,0.0
13.001999999999958,20,14,0,0,0.0,0.0,0.0,14,36,0.5834917367998057,0.7889119048259828,0.0,0,0.01971345090998697,0.0
13.034999999999958,20,14,0,0,0.0,0.0,0.0,13,35,0.5744724671915596,0.7748175418628743,0.0,0,0.01971345090998697,0.0
13.067999999999957,20,14,0,0,0.0,0.0,0.0,12,34,0.5711752227038508,0.7609286168557137,0.0,0,0.01971345090998697,0.0
13.100999999999956,20,14,0,0,0.0,0.0,0.0,11,34,0.566637414833948,0.746005845097305,0.0,0,0.01971345090998697,0.0
13.133999999999956,20,14,0,0,0.0,0.0,0.0,11,33,0.5424544351897869,0.7037412057048581,0.0,0,0.01971345090998697,0.0
13.166999999999955,20,14,0,0,0.0,0.0,0.0,11,33,0.5565489300039601,0.7168414736155687,0.0,0,0.01971345090998697,0.0
13.199999999999955,20,14,0,0,0.0,0.0,0.0,12,33,0.5704654698200995,0.7303250311869318,0.0,0,0.01971345090998697,0.0
13.232999999999954,20,14,0,0,0.0,0.0,0.0,11,32,0.5660915042936748,0.7182729328594909,0.0,0,0.01971345090998697,0.0
13.265999999999954,20,14,0,0,0.0,0.0,0.0,11,32,0.5584442047022162,0.7020972503131999,0.0,0,0.01971345090998697,0.0
13.298999999999953,20,14,0,0,0.0,0.0,0.0,10,32,0.546217513400896,0.6798911336523769,0.0,0,0.01971345090998697,0.0
13.331999999999953,20,14,0,0,0.0,0.0,0.0,10,32,0.5285020953640444,0.650314073895448,0.0,0,0.01971345090998697,0.0
13.364999999999952,20,14,0,0,0.0,0.0,0.0,10,32,0.5073784902663419,0.6162986735216769,0.0,0,0.01971345090998697,0.0
13.397999999999952,20,14,0,0,0.0,0.0,0.0,10,33,0.5013730142758701,0.6042723725606499,0.0,0,0.01971345090998697,0.0
13.430999999999951,20,14,0,0,0.0,0.0,0.0,10,34,0.5081653670088544,0.6108807760727819,0.0,0,0.01971345090998697,0.0
13.46399999999995,20,14,0,0,0.0,0.0,0.0,10,34,0.5087539113229915,0.6089398750003355,0.0,0,0.01971345090998697,0.0
13.49699999999995,20,14,0,0,0.0,0.0,0.0,10,33,0.48684593678018107,0.5751372971393113,0.0,0,0.01971345090998697,0.0
13.52999999999995,20,14,0,0,0.0,0.0,0.0,10,33,0.4624290552539847,0.537727960213335,0.0,0,0.01971345090998697,0.0
13.562999999999949,20,14,0,0,0.0,0.0,0.0,10,33,0.4519742578820143,0.5206095586487229,0.0,0,0.01971345090998697,0.0
13.595999999999949,20,14,0,0,0.0,0.0,0.0,12,32,0.43410376078370216,0.4930115394945303,0.0,0,0.01971345090998697,0.0
13.628999999999948,20,15,0,0,0.0,0.0,0.0,12,32,0.42149557302761786,0.5043839540970227,0.0,0,0.021121554546414616,0.0
13.661999999999948,20,15,0,0,0.0,0.0,0.0,12,32,0.41474962716208996,0.4946638792391812,0.0,0,0.021121554546414616,0.0
13.694999999999947,20,15,0,0,0.0,0.0,0.0,12,32,0.4128172251226953,0.4914119297107962,0.0,0,0.021121554546414616,0.0
13.727999999999946,20,15,0,0,0.0,0.0,0.0,13,32,0.4121748128882975,0.48991763236419783,0.0,0,0.021121554546414616,0.0
13.760999999999946,20,15,0,0,0.0,0.0,0.0,14,33,0.41310975688139545,0.49055313806732864,0.0,0,0.021121554546414616,0.0
13.793999999999945,20,15,0,0,0.0,0.0,0.0,15,33,0.4216151494446816,0.501301303868887,0.0,0,0.021121554546414616,0.0
13.826999999999945,20,15,0,0,0.0,0.0,0.0,15,33,0.4299304294842575,0.5118086985118112,0.0,0,0.021121554546414616,0.0
13.859999999999944,20,15,0,0,0.0,0.0,0.0,15,33,0.43874707538549096,0.5229926038400985,0.0,0,0.021121554546414616,0.0
13.892999999999944,20,15,0,0,0.0,0.0,0.0,15,34,0.44694693202896507,0.5333589795719206,0.0,0,0.021121554546414616,0.0
13.925999999999943,20,15,0,0,0.0,0.0,0.0,16,34,0.45492780096022634,0.5434359968961368,0.0,0,0.021121554546414616,0.0
13.958999999999943,20,15,0,0,0.0,0.0,0.0,15,33,0.4633348379260053,0.5540826167191288,0.0,0,0.021121554546414616,0.0
13.991999999999942,20,15,0,0,0.0,0.0,0.0,15,34,0.47033789367564127,0.5628578843071667,0.0,0,0.021121554546414616,0.0
14.024999999999942,20,15,0,0,0.0,0.0,0.0,15,34,0.47592801399586115,0.569749681225968,0.0,0,0.021121554546414616,0.0
14.057999999999941,20,15,0,0,0.0,0.0,0.0,14,34,0.4808455325992944,0.575745384921795,0.0,0,0.021121554546414616,0.0
14.09099999999994,20,15,0,0,0.0,0.0,0.0,14,35,0.4865181363689436,0.5827493190441226,0.0,0,0.021121554546414616,0.0
14.12399999999994,20,15,0,0,0.0,0.0,0.0,14,35,0.4910473492625516,0.5882313938100042,0.0,0,0.021121554546414616,0.0
14.15699999999994,20,15,0,0,0.0,0.0,0.0,15,36,0.49596225900884255,0.5942318226893185,0.0,0,0.021121554546414616,0.0
14.189999999999939,20,15,0,0,0.0,0.0,0.0,14,36,0.501876132083882,0.601569933589659,0.0,0,0.021121554546414616,0.0
14.222999999999939,20,15,0,0,0.0,0.0,0.0,14,36,0.508121140985361,0.6093571311927338,0.0,0,0.021121554546414616,0.0
14.255999999999938,20,15,0,0,0.0,0.0,0.0,14,36,0.5139889867314074,0.6166508434437852,0.0,0,0.021121554546414616,0.0
14.288999999999938,20,15,0,0,0.0,0.0,0.0,13,36,0.5205006739424365,0.6248137410225957,0.0,0,0.021121554546414616,0.0
14.321999999999937,20,15,0,0,0.0,0.0,0.0,12,36,0.5265119376890783,0.6323216556260254,0.0,0,0.021121554546414616,0.0
14.354999999999936,20,15,0,0,0.0,0.0,0.0,11,34,0.5309516456391082,0.6377478739553013,0.0,0,0.021121554546414616,0.0
14.387999999999936,20,15,0,0,0.0,0.0,0.0,11,34,0.5344103308550743,0.6418815471038624,0.0,0,0.021121554546414616,0.0
14.420999999999935,20,15,0,0,0.0,0.0,0.0,10,33,0.5368213611837304,0.6446364481153366,0.0,0,0.021121554546414616,0.0
14.453999999999935,20,15,0,0,0.0,0.0,0.0,10,33,0.5341774065754052,0.6406725886867152,0.0,0,0.021121554546414616,0.0
14.486999999999934,20,15,0,0,0.0,0.0,0.0,9,32,0.534730836573795,0.6409966195784241,0.0,0,0.021121554546414616,0.0
14.519999999999934,20,15,0,0,0.0,0.0,0.0,9,32,0.5343505740597144,0.6401044301052481,0.0,0,0.021121554546414616,0.0
14.552999999999933,20,15,0,0,0.0,0.0,0.0,9,32,0.5332638441078508,0.63830279711934,0.0,0,0.021121554546414616,0.0
14.585999999999933,20,15,0,0,0.0,0.0,0.0,9,32,0.5260295261710173,0.6283395429686673,0.0,0,0.021121554546414616,0.0
14.618999999999932,20,15,0,0,0.0,0.0,0.0,10,32,0.5189946416403151,0.6186780905203667,0.0,0,0.021121554546414616,0.0
14.651999999999932,20,15,0,0,0.0,0.0,0.0,11,32,0.5302635292706467,0.6334553089625409,0.0,0,0.021121554546414616,0.0
14.684999999999931,20,15,0,0,0.0,0.0,0.0,11,30,0.5371920523642592,0.6424728951915731,0.0,0,0.021121554546414616,0.0
