time,dt,n_active,n_street,n_vestibule,n_store,n_queue_zone,inside_now,inside_est,queue_len,service_n,entries_step,exits_step,entries_total,exits_total,entry_rate_s,exit_rate_s,avg_speed,density_store
0.05,0.05,1,1,0,0,0,0,0.0,0,0,0,0,0,0,0.0,0.0,2.3868318432818114e-09,0.0
0.1,0.05,1,1,0,0,0,0,0.0,0,0,0,0,0,0,0.0,0.0,0.10000000149011612,0.0
0.15000000000000002,0.05,1,1,0,0,0,0,0.0,0,0,0,0,0,0,0.0,0.0,0.19066666066646576,0.0
0.2,0.05,1,1,0,0,0,0,0.0,0,0,0,0,0,0,0.0,0.0,0.27287110686302185,0.0
0.25,0.05,1,1,0,0,0,0,0.0,0,0,0,0,0,0,0.0,0.0,0.3474031388759613,0.0
0.3,0.05,1,1,0,0,0,0,0.0,0,0,0,0,0,0,0.0,0.0,0.41497883200645447,0.0
0.35,0.05,1,1,0,0,0,0,0.0,0,0,0,0,0,0,0.0,0.0,0.47624748945236206,0.0
0.39999999999999997,0.05,1,1,0,0,0,0,0.0,0,0,0,0,0,0,0.0,0.0,0.5317977070808411,0.0
0.44999999999999996,0.05,1,1,0,0,0,0,0.0,0,0,0,0,0,0,0.0,0.0,0.5821632146835327,0.0
0.49999999999999994,0.05,1,1,0,0,0,0,0.0,0,0,0,0,0,0,0.0,0.0,0.6278280019760132,0.0
0.5499999999999999,0.05,1,1,0,0,0,0,0.0,0,0,0,0,0,0,0.0,0.0,0.6692306995391846,0.0
0.6,0.05,1,1,0,0,0,0,0.0,0,0,0,0,0,0,0.0,0.0,0.7067691683769226,0.0
0.65,0.05,1,1,0,0,0,0,0.0,0,0,0,0,0,0,0.0,0.0,0.7408040165901184,0.0
0.7000000000000001,0.05,1,1,0,0,0,0,0.0,0,0,0,0,0,0,0.0,0.0,0.7716622352600098,0.0
0.7500000000000001,0.05,1,1,0,0,0,0,0.0,0,0,0,0,0,0,0.0,0.0,0.7996403574943542,0.0
0.8000000000000002,0.05,1,1,0,0,0,0,0.0,0,0,0,0,0,0,0.0,0.0,0.8250070810317993,0.0
0.8500000000000002,0.05,1,1,0,0,0,0,0.0,0,0,0,0,0,0,0.0,0.0,0.8480061888694763,0.0
0.9000000000000002,0.05,1,1,0,0,0,0,0.0,0,0,0,0,0,0,0.0,0.0,0.8688586354255676,0.0
0.9500000000000003,0.05,1,1,0,0,0,0,0.0,0,0,0,0,0,0,0.0,0.0,0.8877645134925842,0.0
1.0000000000000002,0.05,1,1,0,0,0,0,0.0,0,0,0,0,0,0,0.0,0.0,0.9049054980278015,0.0
1.0500000000000003,0.05,1,1,0,0,0,0,0.0,0,0,0,0,0,0,0.0,0.0,0.9204459190368652,0.0
1.1000000000000003,0.05,1,1,0,0,0,0,0.0,0,0,0,0,0,0,0.0,0.0,0.9345346093177795,0.0
1.1500000000000004,0.05,1,1,0,0,0,0,0.0,0,0,0,0,0,0,0.0,0.0,0.947306215763092,0.0
1.2000000000000004,0.05,1,1,0,0,0,0,0.0,0,0,0,0,0,0,0.0,0.0,0.9588819146156311,0.0
1.2500000000000004,0.05,1,1,0,0,0,0,0.0,0,0,0,0,0,0,0.0,0.0,0.969370424747467,0.0
1.3000000000000005,0.05,1,1,0,0,0,0,0.0,0,0,0,0,0,0,0.0,0.0,0.9788676500320435,0.0
1.3500000000000005,0.05,1,1,0,0,0,0,0.0,0,0,0,0,0,0,0.0,0.0,0.9874565601348877,0.0
1.4000000000000006,0.05,1,1,0,0,0,0,0.0,0,0,0,0,0,0,0.0,0.0,0.9952046871185303,0.0
1.4500000000000006,0.05,1,1,0,0,0,0,0.0,0,0,0,0,0,0,0.0,0.0,1.0021597146987915,0.0
1.5000000000000007,0.05,1,1,0,0,0,0,0.0,0,0,0,0,0,0,0.0,0.0,1.0083414316177368,0.0
1.5500000000000007,0.05,1,1,0,0,0,0,0.0,0,0,0,0,0,0,0.0,0.0,1.0137262344360352,0.0
1.6000000000000008,0.05,1,1,0,0,0,0,0.0,0,0,0,0,0,0,0.0,0.0,1.0182222127914429,0.0
1.6500000000000008,0.05,1,1,0,0,0,0,0.0,0,0,0,0,0,0,0.0,0.0,1.021628499031067,0.0
1.7000000000000008,0.05,1,1,0,0,0,0,0.0,0,0,0,0,0,0,0.0,0.0,1.023573875427246,0.0
1.7500000000000009,0.05,1,1,0,0,0,0,0.0,0,0,0,0,0,0,0.0,0.0,1.0234347581863403,0.0
1.800000000000001,0.05,1,1,0,0,0,0,0.0,0,0,0,0,0,0,0.0,0.0,1.0202538967132568,0.0
1.850000000000001,0.05,1,1,0,0,0,0,0.0,0,0,0,0,0,0,0.0,0.0,1.0127322673797607,0.0
1.900000000000001,0.05,1,1,0,0,0,0,0.0,0,0,0,0,0,0,0.0,0.0,0.9994757175445557,0.0
1.950000000000001,0.05,1,1,0,0,0,0,0.0,0,0,0,0,0,0,0.0,0.0,0.9798317551612854,0.0
2.000000000000001,0.05,1,1,0,0,0,0,0.0,0,0,0,0,0,0,0.0,0.0,0.9555996060371399,0.0
2.0500000000000007,0.05,1,1,0,0,0,0,0.0,0,0,0,0,0,0,0.0,0.0,0.9329848885536194,0.0
2.1000000000000005,0.05,1,1,0,0,0,0,0.0,0,0,0,0,0,0,0.0,0.0,0.9219532012939453,0.0
2.1500000000000004,0.05,1,0,1,0,0,1,0.0,0,0,0,0,0,0,0.0,0.0,0.9299649596214294,0.0033333333333333335
2.2,0.05,1,0,1,0,0,1,0.0,0,0,0,0,0,0,0.0,0.0,0.9547078013420105,0.0033333333333333335
2.25,0.05,1,0,1,0,0,1,0.0,0,0,0,0,0,0,0.0,0.0,0.9857986569404602,0.0033333333333333335
2.3,0.05,1,0,1,0,0,1,0.0,0,0,0,0,0,0,0.0,0.0,1.013283371925354,0.0033333333333333335
2.3499999999999996,0.05,1,0,1,0,0,1,0.0,0,0,0,0,0,0,0.0,0.0,1.0325373411178589,0.0033333333333333335
2.3999999999999995,0.05,1,0,1,0,0,1,0.0,0,0,0,0,0,0,0.0,0.0,1.043491005897522,0.0033333333333333335
2.4499999999999993,0.05,1,0,1,0,0,1,0.0,0,0,0,0,0,0,0.0,0.0,1.0481207370758057,0.0033333333333333335
2.499999999999999,0.05,1,0,1,0,0,1,1.0,0,0,1,0,1,0,20.0,0.0,1.0486955642700195,0.0033333333333333335
2.549999999999999,0.05,1,0,1,0,0,1,1.0,0,0,0,0,1,0,0.0,0.0,1.0470466613769531,0.0033333333333333335
2.5999999999999988,0.05,1,0,1,0,0,1,1.0,0,0,0,0,1,0,0.0,0.0,1.044429898262024,0.0033333333333333335
2.6499999999999986,0.05,1,0,1,0,0,1,1.0,0,0,0,0,1,0,0.0,0.0,1.0416184663772583,0.0033333333333333335
2.6999999999999984,0.05,1,0,1,0,0,1,1.0,0,0,0,0,1,0,0.0,0.0,1.0390421152114868,0.0033333333333333335
2.7499999999999982,0.05,1,0,1,0,0,1,1.0,0,0,0,0,1,0,0.0,0.0,1.0369086265563965,0.0033333333333333335
2.799999999999998,0.05,1,0,1,0,0,1,1.0,0,0,0,0,1,0,0.0,0.0,1.0352898836135864,0.0033333333333333335
2.849999999999998,0.05,1,0,1,0,0,1,1.0,0,0,0,0,1,0,0.0,0.0,1.0341819524765015,0.0033333333333333335
2.8999999999999977,0.05,1,0,1,0,0,1,1.0,0,0,0,0,1,0,0.0,0.0,1.0335395336151123,0.0033333333333333335
2.9499999999999975,0.05,1,0,1,0,0,1,1.0,0,0,0,0,1,0,0.0,0.0,1.0332993268966675,0.0033333333333333335
2.9999999999999973,0.05,1,0,1,0,0,1,1.0,0,0,0,0,1,0,0.0,0.0,1.0333917140960693,0.0033333333333333335
3.049999999999997,0.05,1,0,1,0,0,1,1.0,0,0,0,0,1,0,0.0,0.0,1.033747673034668,0.0033333333333333335
3.099999999999997,0.05,1,0,1,0,0,1,1.0,0,0,0,0,1,0,0.0,0.0,1.0343021154403687,0.0033333333333333335
3.149999999999997,0.05,1,0,1,0,0,1,1.0,0,0,0,0,1,0,0.0,0.0,1.0349946022033691,0.0033333333333333335
3.1999999999999966,0.05,1,0,1,0,0,1,1.0,0,0,0,0,1,0,0.0,0.0,1.0357686281204224,0.0033333333333333335
3.2499999999999964,0.05,1,0,1,0,0,1,1.0,0,0,0,0,1,0,0.0,0.0,1.0365705490112305,0.0033333333333333335
3.2999999999999963,0.05,1,0,1,0,0,1,1.0,0,0,0,0,1,0,0.0,0.0,1.0373471975326538,0.0033333333333333335
3.349999999999996,0.05,1,0,1,0,0,1,1.0,0,0,0,0,1,0,0.0,0.0,1.0380418300628662,0.0033333333333333335
3.399999999999996,0.05,1,0,1,0,0,1,1.0,0,0,0,0,1,0,0.0,0.0,1.038590669631958,0.0033333333333333335
3.4499999999999957,0.05,1,0,1,0,0,1,1.0,0,0,0,0,1,0,0.0,0.0,1.0390069484710693,0.0033333333333333335
3.4999999999999956,0.05,1,0,1,0,0,1,1.0,0,0,0,0,1,0,0.0,0.0,1.0393038988113403,0.0033333333333333335
3.5499999999999954,0.05,1,0,1,0,0,1,1.0,0,0,0,0,1,0,0.0,0.0,1.0394879579544067,0.0033333333333333335
3.599999999999995,0.05,2,1,1,0,0,1,1.0,0,0,0,0,1,0,0.0,0.0,0.5133087968042673,0.0033333333333333335
3.649999999999995,0.05,2,1,1,0,0,1,1.0,0,0,0,0,1,0,0.0,0.0,0.5575804188847542,0.0033333333333333335
3.699999999999995,0.05,2,1,1,0,0,1,1.0,0,0,0,0,1,0,0.0,0.0,0.597881555557251,0.0033333333333333335
3.7499999999999947,0.05,2,1,1,0,0,1,1.0,0,0,0,0,1,0,0.0,0.0,0.6344790905714035,0.0033333333333333335
3.7999999999999945,0.05,2,1,1,0,0,1,1.0,0,0,0,0,1,0,0.0,0.0,0.6676346063613892,0.0033333333333333335
3.8499999999999943,0.05,2,1,1,0,0,1,1.0,0,0,0,0,1,0,0.0,0.0,0.6975593715906143,0.0033333333333333335
3.899999999999994,0.05,2,1,1,0,0,1,1.0,0,0,0,0,1,0,0.0,0.0,0.7185780256986618,0.0033333333333333335
3.949999999999994,0.05,2,1,1,0,0,1,1.0,0,0,0,0,1,0,0.0,0.0,0.7397812604904175,0.0033333333333333335
3.999999999999994,0.05,2,1,1,0,0,1,1.0,0,0,0,0,1,0,0.0,0.0,0.7608770728111267,0.0033333333333333335
4.049999999999994,0.05,2,1,0,1,0,1,1.0,0,0,0,0,1,0,0.0,0.0,0.7816139459609985,0.0033333333333333335
4.099999999999993,0.05,2,1,0,1,0,1,1.0,0,0,0,0,1,0,0.0,0.0,0.8017851412296295,0.0033333333333333335
4.149999999999993,0.05,2,1,0,1,0,1,1.0,0,0,0,0,1,0,0.0,0.0,0.8212293982505798,0.0033333333333333335
4.199999999999993,0.05,2,1,0,1,0,1,1.0,0,0,0,0,1,0,0.0,0.0,0.8398299813270569,0.0033333333333333335
4.249999999999993,0.05,2,1,0,1,0,1,1.0,0,0,0,0,1,0,0.0,0.0,0.857513040304184,0.0033333333333333335
4.299999999999993,0.05,2,1,0,1,0,1,1.0,0,0,0,0,1,0,0.0,0.0,0.8742448389530182,0.0033333333333333335
4.3499999999999925,0.05,2,1,0,1,0,1,1.0,0,0,0,0,1,0,0.0,0.0,0.8900258243083954,0.0033333333333333335
4.399999999999992,0.05,2,1,0,1,0,1,1.0,0,0,0,0,1,0,0.0,0.0,0.9048804342746735,0.0033333333333333335
4.449999999999992,0.05,2,1,0,1,0,1,1.0,0,0,0,0,1,0,0.0,0.0,0.9188417494297028,0.0033333333333333335
4.499999999999992,0.05,2,1,0,1,0,1,1.0,0,0,0,0,1,0,0.0,0.0,0.931936502456665,0.0033333333333333335
4.549999999999992,0.05,2,1,0,1,0,1,1.0,0,0,0,0,1,0,0.0,0.0,0.9441758990287781,0.0033333333333333335
4.599999999999992,0.05,2,1,0,1,0,1,1.0,0,0,0,0,1,0,0.0,0.0,0.9555570185184479,0.0033333333333333335
4.6499999999999915,0.05,2,1,0,1,0,1,1.0,0,0,0,0,1,0,0.0,0.0,0.9660729169845581,0.0033333333333333335
4.699999999999991,0.05,2,1,0,1,0,1,1.0,0,0,0,0,1,0,0.0,0.0,0.9757257401943207,0.0033333333333333335
4.749999999999991,0.05,2,1,0,1,0,1,1.0,0,0,0,0,1,0,0.0,0.0,0.9845355451107025,0.0033333333333333335
4.799999999999991,0.05,2,1,0,1,0,1,1.0,0,0,0,0,1,0,0.0,0.0,0.9925410151481628,0.0033333333333333335
4.849999999999991,0.05,2,1,0,1,0,1,1.0,0,0,0,0,1,0,0.0,0.0,0.9997959136962891,0.0033333333333333335
4.899999999999991,0.05,2,1,0,1,0,1,1.0,0,0,0,0,1,0,0.0,0.0,1.0063606798648834,0.0033333333333333335
4.94999999999999,0.05,2,1,0,1,0,1,1.0,0,0,0,0,1,0,0.0,0.0,1.0122953057289124,0.0033333333333333335
4.99999999999999,0.05,2,1,0,1,0,1,1.0,0,0,0,0,1,0,0.0,0.0,1.0176534056663513,0.0033333333333333335
5.04999999999999,0.05,2,1,0,1,0,1,1.0,0,0,0,0,1,0,0.0,0.0,1.0224762558937073,0.0033333333333333335
5.09999999999999,0.05,2,1,0,1,0,1,1.0,0,0,0,0,1,0,0.0,0.0,1.026787519454956,0.0033333333333333335
5.14999999999999,0.05,2,1,0,1,0,1,1.0,0,0,0,0,1,0,0.0,0.0,1.0305852890014648,0.0033333333333333335
5.1999999999999895,0.05,2,1,0,1,0,1,1.0,0,0,0,0,1,0,0.0,0.0,1.0338283777236938,0.0033333333333333335
5.249999999999989,0.05,2,1,0,1,0,1,1.0,0,0,0,0,1,0,0.0,0.0,1.0364160537719727,0.0033333333333333335
5.299999999999989,0.05,2,1,0,1,0,1,1.0,0,0,0,0,1,0,0.0,0.0,1.038158357143402,0.0033333333333333335
5.349999999999989,0.05,2,1,0,1,0,1,1.0,0,0,0,0,1,0,0.0,0.0,1.0387394428253174,0.0033333333333333335
5.399999999999989,0.05,2,1,0,1,0,1,1.0,0,0,0,0,1,0,0.0,0.0,1.0376874804496765,0.0033333333333333335
5.449999999999989,0.05,2,1,0,1,0,1,1.0,0,0,0,0,1,0,0.0,0.0,1.0343950390815735,0.0033333333333333335
5.4999999999999885,0.05,2,1,0,1,0,1,1.0,0,0,0,0,1,0,0.0,0.0,1.0282790064811707,0.0033333333333333335
5.549999999999988,0.05,2,1,0,1,0,1,1.0,0,0,0,0,1,0,0.0,0.0,1.0192182660102844,0.0033333333333333335
5.599999999999988,0.05,2,1,0,1,0,1,1.0,0,0,0,0,1,0,0.0,0.0,1.0083243250846863,0.0033333333333333335
5.649999999999988,0.05,2,1,0,1,0,1,1.0,0,0,0,0,1,0,0.0,0.0,0.9986350834369659,0.0033333333333333335
5.699999999999988,0.05,2,1,0,1,0,1,1.0,0,0,0,0,1,0,0.0,0.0,0.9945117831230164,0.0033333333333333335
5.749999999999988,0.05,2,1,0,1,0,1,1.0,0,0,0,0,1,0,0.0,0.0,0.9988857209682465,0.0033333333333333335
5.799999999999987,0.05,2,1,0,1,0,1,1.0,0,0,0,0,1,0,0.0,0.0,1.010567545890808,0.0033333333333333335
5.849999999999987,0.05,2,0,1,1,0,2,1.0,0,0,0,0,1,0,0.0,0.0,1.025148868560791,0.006666666666666667
5.899999999999987,0.05,2,0,1,1,0,2,1.0,0,0,0,0,1,0,0.0,0.0,1.038291335105896,0.006666666666666667
5.949999999999987,0.05,2,0,1,1,0,2,1.0,0,0,0,0,1,0,0.0,0.0,1.0473095178604126,0.006666666666666667
5.999999999999987,0.05,2,0,1,1,0,2,1.0,0,0,0,0,1,0,0.0,0.0,1.0529437065124512,0.006666666666666667
6.0499999999999865,0.05,2,0,1,1,0,2,1.0,0,0,0,0,1,0,0.0,0.0,1.0562797784805298,0.006666666666666667
6.099999999999986,0.05,2,0,1,1,0,2,1.0,0,0,0,0,1,0,0.0,0.0,1.0582664608955383,0.006666666666666667
6.149999999999986,0.05,2,0,1,1,0,2,1.0,0,0,0,0,1,0,0.0,0.0,1.0595375299453735,0.006666666666666667
6.199999999999986,0.05,2,0,1,1,0,2,2.0,0,0,1,0,2,0,20.0,0.0,1.0604333281517029,0.006666666666666667
6.249999999999986,0.05,2,0,1,1,0,2,2.0,0,0,0,0,2,0,0.0,0.0,1.0611026287078857,0.006666666666666667
6.299999999999986,0.05,2,0,1,1,0,2,2.0,0,0,0,0,2,0,0.0,0.0,1.0616039633750916,0.006666666666666667
6.349999999999985,0.05,2,0,1,1,0,2,2.0,0,0,0,0,2,0,0.0,0.0,1.061970055103302,0.006666666666666667
6.399999999999985,0.05,2,0,1,1,0,2,2.0,0,0,0,0,2,0,0.0,0.0,1.0622340440750122,0.006666666666666667
6.449999999999985,0.05,3,1,1,1,0,2,2.0,0,0,0,0,2,0,0.0,0.0,0.7087650851656994,0.006666666666666667
6.499999999999985,0.05,3,1,1,1,0,2,2.0,0,0,0,0,2,0,0.0,0.0,0.7417571470141411,0.006666666666666667
6.549999999999985,0.05,3,1,1,1,0,2,2.0,0,0,0,0,2,0,0.0,0.0,0.7720958987871805,0.006666666666666667
6.5999999999999845,0.05,3,1,1,1,0,2,2.0,0,0,0,0,2,0,0.0,0.0,0.7996188600858053,0.006666666666666667
6.649999999999984,0.05,3,1,1,1,0,2,2.0,0,0,0,0,2,0,0.0,0.0,0.824593057235082,0.006666666666666667
6.699999999999984,0.05,3,1,1,1,0,2,2.0,0,0,0,0,2,0,0.0,0.0,0.8472555081049601,0.006666666666666667
6.749999999999984,0.05,3,1,1,1,0,2,2.0,0,0,0,0,2,0,0.0,0.0,0.8678165773550669,0.006666666666666667
6.799999999999984,0.05,3,1,1,1,0,2,2.0,0,0,0,0,2,0,0.0,0.0,0.8864632447560629,0.006666666666666667
6.849999999999984,0.05,3,1,1,1,0,2,2.0,0,0,0,0,2,0,0.0,0.0,0.9033613006273905,0.006666666666666667
6.8999999999999835,0.05,3,1,1,1,0,2,2.0,0,0,0,0,2,0,0.0,0.0,0.9186576008796692,0.006666666666666667
6.949999999999983,0.05,3,1,1,1,0,2,2.0,0,0,0,0,2,0,0.0,0.0,0.932481070359548,0.006666666666666667
6.999999999999983,0.05,3,1,1,1,0,2,2.0,0,0,0,0,2,0,0.0,0.0,0.9449432293574015,0.006666666666666667
7.049999999999983,0.05,3,1,1,1,0,2,2.0,0,0,0,0,2,0,0.0,0.0,0.9561383724212646,0.006666666666666667
7.099999999999983,0.05,3,1,1,1,0,2,2.0,0,0,0,0,2,0,0.0,0.0,0.9661429723103842,0.006666666666666667
7.149999999999983,0.05,3,1,1,1,0,2,2.0,0,0,0,0,2,0,0.0,0.0,0.9750615557034811,0.006666666666666667
7.199999999999982,0.05,3,1,1,1,0,2,2.0,0,0,0,0,2,0,0.0,0.0,0.9831535418828329,0.006666666666666667
7.249999999999982,0.05,3,1,1,1,0,2,2.0,0,0,0,0,2,0,0.0,0.0,0.9905993938446045,0.006666666666666667
7.299999999999982,0.05,3,1,1,1,0,2,2.0,0,0,0,0,2,0,0.0,0.0,0.9926898082097372,0.006666666666666667
7.349999999999982,0.05,3,1,1,1,0,2,2.0,0,0,0,0,2,0,0.0,0.0,0.994530459245046,0.006666666666666667
7.399999999999982,0.05,3,1,1,1,0,2,2.0,0,0,0,0,2,0,0.0,0.0,0.9960359533627828,0.006666666666666667
7.4499999999999815,0.05,3,1,1,1,0,2,2.0,0,0,0,0,2,0,0.0,0.0,0.9970678091049194,0.006666666666666667
7.499999999999981,0.05,3,1,1,1,0,2,2.0,0,0,0,0,2,0,0.0,0.0,0.9884644349416097,0.006666666666666667
7.549999999999981,0.05,3,1,1,1,0,2,2.0,0,0,0,0,2,0,0.0,0.0,0.982222318649292,0.006666666666666667
7.599999999999981,0.05,3,1,1,1,0,2,2.0,0,0,0,0,2,0,0.0,0.0,0.9778190851211548,0.006666666666666667
7.649999999999981,0.05,3,1,1,1,0,2,2.0,0,0,0,0,2,0,0.0,0.0,0.9747882882754008,0.006666666666666667
7.699999999999981,0.05,3,1,0,2,0,2,2.0,0,0,0,0,2,0,0.0,0.0,0.9728062748908997,0.006666666666666667
7.7499999999999805,0.05,3,1,0,2,0,2,2.0,0,0,0,0,2,0,0.0,0.0,0.9718004862467448,0.006666666666666667
7.79999999999998,0.05,3,1,0,2,0,2,2.0,0,0,0,0,2,0,0.0,0.0,0.972019374370575,0.006666666666666667
7.84999999999998,0.05,3,1,0,2,0,2,2.0,0,0,0,0,2,0,0.0,0.0,0.9739505847295126,0.006666666666666667
7.89999999999998,0.05,3,1,0,2,0,2,2.0,0,0,0,0,2,0,0.0,0.0,0.9780168334643046,0.006666666666666667
7.94999999999998,0.05,3,1,0,2,0,2,2.0,0,0,0,0,2,0,0.0,0.0,0.9841911991437277,0.006666666666666667
7.99999999999998,0.05,3,1,0,2,0,2,2.0,0,0,0,0,2,0,0.0,0.0,0.991858979066213,0.006666666666666667
8.04999999999998,0.05,3,1,0,2,0,2,2.0,0,0,0,0,2,0,0.0,0.0,1.0000775059064229,0.006666666666666667
8.09999999999998,0.05,3,1,0,2,0,2,2.0,0,0,0,0,2,0,0.0,0.0,1.0079932808876038,0.006666666666666667
8.14999999999998,0.05,3,1,0,2,0,2,2.0,0,0,0,0,2,0,0.0,0.0,1.0150927305221558,0.006666666666666667
8.199999999999982,0.05,3,1,0,2,0,2,2.0,0,0,0,0,2,0,0.0,0.0,1.021205186843872,0.006666666666666667
8.249999999999982,0.05,3,1,0,2,0,2,2.0,0,0,0,0,2,0,0.0,0.0,1.0263784329096477,0.006666666666666667
8.299999999999983,0.05,3,0,1,2,0,3,2.0,0,0,0,0,2,0,0.0,0.0,1.0307520230611165,0.01
8.349999999999984,0.05,3,0,1,2,0,3,2.0,0,0,0,0,2,0,0.0,0.0,1.034478763739268,0.01
8.399999999999984,0.05,3,0,1,2,0,3,2.0,0,0,0,0,2,0,0.0,0.0,1.0376922686894734,0.01
8.449999999999985,0.05,3,0,1,2,0,3,2.0,0,0,0,0,2,0,0.0,0.0,1.0404987533887227,0.01
8.499999999999986,0.05,3,0,1,2,0,3,2.0,0,0,0,0,2,0,0.0,0.0,1.0429803530375164,0.01
8.549999999999986,0.05,3,0,1,2,0,3,2.0,0,0,0,0,2,0,0.0,0.0,1.0451995134353638,0.01
8.599999999999987,0.05,3,0,1,2,0,3,3.0,0,0,1,0,3,0,20.0,0.0,1.0472033818562825,0.01
8.649999999999988,0.05,3,0,1,2,0,3,3.0,0,0,0,0,3,0,0.0,0.0,1.0490265687306721,0.01
8.699999999999989,0.05,3,0,1,2,0,3,3.0,0,0,0,0,3,0,0.0,0.0,1.0506912072499592,0.01
8.74999999999999,0.05,3,0,1,2,0,3,3.0,0,0,0,0,3,0,0.0,0.0,1.052205761273702,0.01
8.79999999999999,0.05,3,0,1,2,0,3,3.0,0,0,0,0,3,0,0.0,0.0,1.0535598198572795,0.01
8.84999999999999,0.05,3,0,1,2,0,3,3.0,0,0,0,0,3,0,0.0,0.0,1.0547161102294922,0.01
8.899999999999991,0.05,3,0,1,2,0,3,3.0,0,0,0,0,3,0,0.0,0.0,1.0555992126464844,0.01
8.949999999999992,0.05,3,0,1,2,0,3,3.0,0,0,0,0,3,0,0.0,0.0,1.0560784737269084,0.01
8.999999999999993,0.05,3,0,1,2,0,3,3.0,0,0,0,0,3,0,0.0,0.0,1.0559488534927368,0.01
9.049999999999994,0.05,4,1,1,2,0,3,3.0,0,0,0,0,3,0,0.0,0.0,0.791211000054318,0.01
9.099999999999994,0.05,4,1,1,2,0,3,3.0,0,0,0,0,3,0,0.0,0.0,0.8144493158906698,0.01
9.149999999999995,0.05,4,1,1,2,0,3,3.0,0,0,0,0,3,0,0.0,0.0,0.8341370671987534,0.01
9.199999999999996,0.05,4,1,1,2,0,3,3.0,0,0,0,0,3,0,0.0,0.0,0.8503758683800697,0.01
9.249999999999996,0.05,4,1,1,2,0,3,3.0,0,0,0,0,3,0,0.0,0.0,0.8637919276952744,0.01
9.299999999999997,0.05,4,1,1,2,0,3,3.0,0,0,0,0,3,0,0.0,0.0,0.8758511245250702,0.01
9.349999999999998,0.05,4,1,1,2,0,3,3.0,0,0,0,0,3,0,0.0,0.0,0.8886986896395683,0.01
9.399999999999999,0.05,4,1,1,2,0,3,3.0,0,0,0,0,3,0,0.0,0.0,0.9040366113185883,0.01
9.45,0.05,4,1,1,2,0,3,3.0,0,0,0,0,3,0,0.0,0.0,0.9217803329229355,0.01
9.5,0.05,4,1,1,2,0,3,3.0,0,0,0,0,3,0,0.0,0.0,0.9401471465826035,0.01
9.55,0.05,4,1,1,2,0,3,3.0,0,0,0,0,3,0,0.0,0.0,0.9571126103401184,0.01
9.600000000000001,0.05,4,1,1,2,0,3,3.0,0,0,0,0,3,0,0.0,0.0,0.9711536169052124,0.01
9.650000000000002,0.05,4,1,1,2,0,3,3.0,0,0,0,0,3,0,0.0,0.0,0.9824535697698593,0.01
9.700000000000003,0.05,4,1,1,2,0,3,3.0,0,0,0,0,3,0,0.0,0.0,0.9915107935667038,0.01
9.750000000000004,0.05,4,1,1,2,0,3,3.0,0,0,0,0,3,0,0.0,0.0,0.9988216012716293,0.01
9.800000000000004,0.05,4,1,1,2,0,3,3.0,0,0,0,0,3,0,0.0,0.0,1.0049049258232117,0.01
9.850000000000005,0.05,4,1,1,2,0,3,3.0,0,0,0,0,3,0,0.0,0.0,1.0101744830608368,0.01
9.900000000000006,0.05,4,1,1,2,0,3,3.0,0,0,0,0,3,0,0.0,0.0,1.0124039947986603,0.01
9.950000000000006,0.05,4,1,1,2,0,3,3.0,0,0,0,0,3,0,0.0,0.0,1.014400765299797,0.01
10.000000000000007,0.05,4,1,1,2,0,3,3.0,0,0,0,0,3,0,0.0,0.0,1.0162480622529984,0.01
10.050000000000008,0.05,4,1,1,2,0,3,3.0,0,0,0,0,3,0,0.0,0.0,1.0179666131734848,0.01
10.100000000000009,0.05,4,1,1,2,0,3,3.0,0,0,0,0,3,0,0.0,0.0,1.013697937130928,0.01
10.15000000000001,0.05,4,1,1,2,0,3,3.0,0,0,0,0,3,0,0.0,0.0,1.0109994560480118,0.01
10.20000000000001,0.05,4,1,1,2,0,3,3.0,0,0,0,0,3,0,0.0,0.0,1.0096354484558105,0.01
10.25000000000001,0.05,4,1,1,2,0,3,3.0,0,0,0,0,3,0,0.0,0.0,1.0093802511692047,0.01
10.300000000000011,0.05,4,1,0,3,0,3,3.0,0,0,0,0,3,0,0.0,0.0,1.010023593902588,0.01
10.350000000000012,0.05,4,1,0,3,0,3,3.0,0,0,0,0,3,0,0.0,0.0,1.011373907327652,0.01
10.400000000000013,0.05,4,1,0,3,0,3,3.0,0,0,0,0,3,0,0.0,0.0,1.0132605880498886,0.01
10.450000000000014,0.05,4,1,0,3,0,3,3.0,0,0,0,0,3,0,0.0,0.0,1.0155364871025085,0.01
10.500000000000014,0.05,4,1,0,3,0,3,3.0,0,0,0,0,3,0,0.0,0.0,1.0180792063474655,0.01
10.550000000000015,0.05,4,1,0,3,0,3,3.0,0,0,0,0,3,0,0.0,0.0,1.0207925736904144,0.01
10.600000000000016,0.05,4,1,0,3,0,3,3.0,0,0,0,0,3,0,0.0,0.0,1.023605152964592,0.01
10.650000000000016,0.05,4,1,0,3,0,3,3.0,0,0,0,0,3,0,0.0,0.0,1.0264677107334137,0.01
10.700000000000017,0.05,4,1,0,3,0,3,3.0,0,0,0,0,3,0,0.0,0.0,1.0293457806110382,0.01
10.750000000000018,0.05,4,1,0,3,0,3,3.0,0,0,0,0,3,0,0.0,0.0,1.0322115868330002,0.01
10.800000000000018,0.05,4,1,0,3,0,3,3.0,0,0,0,0,3,0,0.0,0.0,1.0350368320941925,0.01
10.85000000000002,0.05,4,1,0,3,0,3,3.0,0,0,0,0,3,0,0.0,0.0,1.0377892851829529,0.01
10.90000000000002,0.05,4,1,0,3,0,3,3.0,0,0,0,0,3,0,0.0,0.0,1.0404349267482758,0.01
10.95000000000002,0.05,4,1,0,3,0,3,3.0,0,0,0,0,3,0,0.0,0.0,1.042943298816681,0.01
11.000000000000021,0.05,4,1,0,3,0,3,3.0,0,0,0,0,3,0,0.0,0.0,1.045292243361473,0.01
11.050000000000022,0.05,4,1,0,3,0,3,3.0,0,0,0,0,3,0,0.0,0.0,1.0474703311920166,0.01
11.100000000000023,0.05,4,1,0,3,0,3,3.0,0,0,0,0,3,0,0.0,0.0,1.0494760274887085,0.01
11.150000000000023,0.05,4,1,0,3,0,3,3.0,0,0,0,0,3,0,0.0,0.0,1.0513147115707397,0.01
11.200000000000024,0.05,4,1,0,3,0,3,3.0,0,0,0,0,3,0,0.0,0.0,1.0529947876930237,0.01
11.250000000000025,0.05,4,1,0,3,0,3,3.0,0,0,0,0,3,0,0.0,0.0,1.054524689912796,0.01
11.300000000000026,0.05,4,1,0,3,0,3,3.0,0,0,0,0,3,0,0.0,0.0,1.0559093058109283,0.01
11.350000000000026,0.05,4,1,0,3,0,3,3.0,0,0,0,0,3,0,0.0,0.0,1.0571469366550446,0.01
11.400000000000027,0.05,4,1,0,3,0,3,3.0,0,0,0,0,3,0,0.0,0.0,1.0582249164581299,0.01
11.450000000000028,0.05,4,1,0,3,0,3,3.0,0,0,0,0,3,0,0.0,0.0,1.059112936258316,0.01
11.500000000000028,0.05,4,1,0,3,0,3,3.0,0,0,0,0,3,0,0.0,0.0,1.0597533881664276,0.01
11.55000000000003,0.05,4,1,0,3,0,3,3.0,0,0,0,0,3,0,0.0,0.0,1.0600466430187225,0.01
11.60000000000003,0.05,4,1,0,3,0,3,3.0,0,0,0,0,3,0,0.0,0.0,1.0598345398902893,0.01
11.65000000000003,0.05,4,1,0,3,0,3,3.0,0,0,0,0,3,0,0.0,0.0,1.058887243270874,0.01
11.700000000000031,0.05,4,1,0,3,0,3,3.0,0,0,0,0,3,0,0.0,0.0,1.0569159388542175,0.01
11.750000000000032,0.05,4,1,0,3,0,3,3.0,0,0,0,0,3,0,0.0,0.0,1.0536515414714813,0.01
11.800000000000033,0.05,4,1,0,3,0,3,3.0,0,0,0,0,3,0,0.0,0.0,1.0490530282258987,0.01
11.850000000000033,0.05,4,1,0,3,0,3,3.0,0,0,0,0,3,0,0.0,0.0,1.0436615347862244,0.01
11.900000000000034,0.05,4,1,0,3,0,3,3.0,0,0,0,0,3,0,0.0,0.0,1.038902372121811,0.01
11.950000000000035,0.05,4,1,0,3,0,3,3.0,0,0,0,0,3,0,0.0,0.0,1.0367841571569443,0.01
12.000000000000036,0.05,4,1,0,3,0,3,3.0,0,0,0,0,3,0,0.0,0.0,1.0386413484811783,0.01
12.050000000000036,0.05,5,1,1,3,0,4,3.0,0,0,0,0,3,0,0.0,0.0,0.8367531680036336,0.013333333333333334
12.100000000000037,0.05,5,1,1,3,0,4,3.0,0,0,0,0,3,0,0.0,0.0,0.8606482610106468,0.013333333333333334
12.150000000000038,0.05,5,1,1,3,0,4,3.0,0,0,0,0,3,0,0.0,0.0,0.8837078958749771,0.013333333333333334
12.200000000000038,0.05,5,1,1,3,0,4,3.0,0,0,0,0,3,0,0.0,0.0,0.9035240411758423,0.013333333333333334
12.250000000000039,0.05,5,1,1,3,0,4,3.0,0,0,0,0,3,0,0.0,0.0,0.9204501211643219,0.013333333333333334
12.30000000000004,0.05,5,1,1,3,0,4,3.0,0,0,0,0,3,0,0.0,0.0,0.8921768605709076,0.013333333333333334
12.35000000000004,0.05,5,1,1,3,0,4,4.0,0,0,1,0,4,0,20.0,0.0,0.8706232130527496,0.013333333333333334
12.400000000000041,0.05,5,1,1,3,0,4,4.0,0,0,0,0,4,0,0.0,0.0,0.8544349074363708,0.013333333333333334
12.450000000000042,0.05,5,1,1,3,0,4,4.0,0,0,0,0,4,0,0.0,0.0,0.8424910306930542,0.013333333333333334
12.500000000000043,0.05,5,1,1,3,0,4,4.0,0,0,0,0,4,0,0.0,0.0,0.8338728845119476,0.013333333333333334
12.550000000000043,0.05,5,1,1,3,0,4,4.0,0,0,0,0,4,0,0.0,0.0,0.8278409600257873,0.013333333333333334
12.600000000000044,0.05,5,1,1,3,0,4,4.0,0,0,0,0,4,0,0.0,0.0,0.8238091021776199,0.013333333333333334
12.650000000000045,0.05,5,1,1,3,0,4,4.0,0,0,0,0,4,0,0.0,0.0,0.8213161647319793,0.013333333333333334
12.700000000000045,0.05,5,1,1,3,0,4,4.0,0,0,0,0,4,0,0.0,0.0,0.8199997514486312,0.013333333333333334
12.750000000000046,0.05,5,1,1,3,0,4,4.0,0,0,0,0,4,0,0.0,0.0,0.8195737764239311,0.013333333333333334
12.800000000000047,0.05,5,1,1,3,0,4,4.0,0,0,0,0,4,0,0.0,0.0,0.8198115289211273,0.013333333333333334
12.850000000000048,0.05,5,1,1,3,0,4,4.0,0,0,0,0,4,0,0.0,0.0,0.8205323442816734,0.013333333333333334
12.900000000000048,0.05,5,1,1,3,0,4,4.0,0,0,0,0,4,0,0.0,0.0,0.821592416614294,0.013333333333333334
12.950000000000049,0.05,5,1,1,3,0,4,4.0,0,0,0,0,4,0,0.0,0.0,0.8228765353560448,0.013333333333333334
13.00000000000005,0.05,5,1,1,3,0,4,4.0,0,0,0,0,4,0,0.0,0.0,0.8242924086749553,0.013333333333333334
13.05000000000005,0.05,5,1,1,3,0,4,4.0,0,0,0,0,4,0,0.0,0.0,0.8257654491811991,0.013333333333333334
13.100000000000051,0.05,5,1,1,3,0,4,4.0,0,0,0,0,4,0,0.0,0.0,0.8272341664880514,0.013333333333333334
13.150000000000052,0.05,5,1,1,3,0,4,4.0,0,0,0,0,4,0,0.0,0.0,0.8286461036652326,0.013333333333333334
13.200000000000053,0.05,5,1,1,3,0,4,4.0,0,0,0,0,4,0,0.0,0.0,0.8299541244283318,0.013333333333333334
13.250000000000053,0.05,5,1,1,3,0,4,4.0,0,0,0,0,4,0,0.0,0.0,0.8311115987598896,0.013333333333333334
13.300000000000054,0.05,5,1,1,3,0,4,4.0,0,0,0,0,4,0,0.0,0.0,0.7909093076363206,0.013333333333333334
13.350000000000055,0.05,5,1,1,3,0,4,4.0,0,0,0,0,4,0,0.0,0.0,0.7588259048759938,0.013333333333333334
13.400000000000055,0.05,5,1,1,3,0,4,4.0,0,0,0,0,4,0,0.0,0.0,0.7333057075738907,0.013333333333333334
13.450000000000056,0.05,5,1,1,3,0,4,4.0,0,0,0,0,4,0,0.0,0.0,0.7130884290672839,0.013333333333333334
13.500000000000057,0.05,5,1,1,3,0,4,4.0,0,0,0,0,4,0,0.0,0.0,0.6942054819315672,0.013333333333333334
13.550000000000058,0.05,5,1,1,3,0,4,4.0,0,0,0,0,4,0,0.0,0.0,0.678882802464068,0.013333333333333334
13.600000000000058,0.05,5,1,1,3,0,4,4.0,0,0,0,0,4,0,0.0,0.0,0.6663696558680385,0.013333333333333334
13.650000000000059,0.05,5,1,1,3,0,4,4.0,0,0,0,0,4,0,0.0,0.0,0.6560226626694202,0.013333333333333334
13.70000000000006,0.05,5,1,1,3,0,4,4.0,0,0,0,0,4,0,0.0,0.0,0.642145354137756,0.013333333333333334
13.75000000000006,0.05,5,1,1,3,0,4,4.0,0,0,0,0,4,0,0.0,0.0,0.631309829512611,0.013333333333333334
13.800000000000061,0.05,5,1,1,3,0,4,4.0,0,0,0,0,4,0,0.0,0.0,0.6228955843020231,0.013333333333333334
13.850000000000062,0.05,5,1,1,3,0,4,4.0,0,0,0,0,4,0,0.0,0.0,0.6163357776706107,0.013333333333333334
13.900000000000063,0.05,5,1,0,4,0,4,4.0,0,0,0,0,4,0,0.0,0.0,0.6111314832465723,0.013333333333333334
13.950000000000063,0.05,5,1,0,4,0,4,4.0,0,0,0,0,4,0,0.0,0.0,0.6068957782699727,0.013333333333333334
14.000000000000064,0.05,5,1,0,4,0,4,4.0,0,0,0,0,4,0,0.0,0.0,0.6034310799499508,0.013333333333333334
14.050000000000065,0.05,5,1,0,4,0,4,4.0,0,0,0,0,4,0,0.0,0.0,0.60081027354463,0.013333333333333334
14.100000000000065,0.05,5,0,1,4,0,5,4.0,0,0,0,0,4,0,0.0,0.0,0.5993717493023724,0.016666666666666666
14.150000000000066,0.05,5,0,1,4,0,5,4.0,0,0,0,0,4,0,0.0,0.0,0.5995210721739568,0.016666666666666666
14.200000000000067,0.05,5,0,1,4,0,5,4.0,0,0,0,0,4,0,0.0,0.0,0.6013850750488927,0.016666666666666666
14.250000000000068,0.05,5,0,1,4,0,5,4.0,0,0,0,0,4,0,0.0,0.0,0.6045992111467058,0.016666666666666666
14.300000000000068,0.05,5,0,1,4,0,5,4.0,0,0,0,0,4,0,0.0,0.0,0.6084562235453632,0.016666666666666666
14.350000000000069,0.05,5,0,1,4,0,5,4.0,0,0,0,0,4,0,0.0,0.0,0.6122625393923954,0.016666666666666666
14.40000000000007,0.05,5,0,1,4,0,5,5.0,0,0,1,0,5,0,20.0,0.0,0.6155811010219623,0.016666666666666666
14.45000000000007,0.05,5,0,1,4,0,5,5.0,0,0,0,0,5,0,0.0,0.0,0.6182527540120646,0.016666666666666666
14.500000000000071,0.05,5,0,1,4,0,5,5.0,0,0,0,0,5,0,0.0,0.0,0.6202982257294934,0.016666666666666666
14.550000000000072,0.05,5,0,1,4,0,5,5.0,0,0,0,0,5,0,0.0,0.0,0.6218148812135041,0.016666666666666666
14.600000000000072,0.05,5,0,1,4,0,5,5.0,0,0,0,0,5,0,0.0,0.0,0.62291236993442,0.016666666666666666
14.650000000000073,0.05,5,0,1,4,0,5,5.0,0,0,0,0,5,0,0.0,0.0,0.6236842527137924,0.016666666666666666
14.700000000000074,0.05,5,0,1,4,0,5,5.0,0,0,0,0,5,0,0.0,0.0,0.6242002593742655,0.016666666666666666
14.750000000000075,0.05,5,0,1,4,0,5,5.0,0,0,0,0,5,0,0.0,0.0,0.6245065249910112,0.016666666666666666
14.800000000000075,0.05,5,0,1,4,0,5,5.0,0,0,0,0,5,0,0.0,0.0,0.6246297151175895,0.016666666666666666
14.850000000000076,0.05,5,0,1,4,0,5,5.0,0,0,0,0,5,0,0.0,0.0,0.6245798325844589,0.016666666666666666
14.900000000000077,0.05,5,0,1,4,0,5,5.0,0,0,0,0,5,0,0.0,0.0,0.6243526630531051,0.016666666666666666
14.950000000000077,0.05,5,0,1,4,0,5,5.0,0,0,0,0,5,0,0.0,0.0,0.6239300769838337,0.016666666666666666
15.000000000000078,0.05,6,1,1,4,0,5,5.0,0,0,0,0,5,0,0.0,0.0,0.5196450533479341,0.016666666666666666
15.050000000000079,0.05,6,1,1,4,0,5,5.0,0,0,0,0,5,0,0.0,0.0,0.5353098348872057,0.016666666666666666
15.10000000000008,0.05,6,1,1,4,0,5,5.0,0,0,0,0,5,0,0.0,0.0,0.549337546411986,0.016666666666666666
15.15000000000008,0.05,6,1,1,4,0,5,5.0,0,0,0,0,5,0,0.0,0.0,0.5615281565094392,0.016666666666666666
15.200000000000081,0.05,6,1,1,4,0,5,5.0,0,0,0,0,5,0,0.0,0.0,0.5718407951264529,0.016666666666666666
15.250000000000082,0.05,6,1,1,4,0,5,5.0,0,0,0,0,5,0,0.0,0.0,0.5801443455625872,0.016666666666666666
15.300000000000082,0.05,6,1,1,4,0,5,5.0,0,0,0,0,5,0,0.0,0.0,0.5862185178593032,0.016666666666666666
15.350000000000083,0.05,6,1,1,4,0,5,5.0,0,0,0,0,5,0,0.0,0.0,0.5898182446468923,0.016666666666666666
15.400000000000084,0.05,6,1,1,4,0,5,5.0,0,0,0,0,5,0,0.0,0.0,0.590920820212356,0.016666666666666666
15.450000000000085,0.05,6,1,1,4,0,5,5.0,0,0,0,0,5,0,0.0,0.0,0.5901014104500556,0.016666666666666666
15.500000000000085,0.05,6,1,1,4,0,5,5.0,0,0,0,0,5,0,0.0,0.0,0.5889436519157982,0.016666666666666666
15.550000000000086,0.05,6,1,1,4,0,5,5.0,0,0,0,0,5,0,0.0,0.0,0.5870919180719577,0.016666666666666666
15.600000000000087,0.05,6,1,1,4,0,5,5.0,0,0,0,0,5,0,0.0,0.0,0.5887802086522669,0.016666666666666666
15.650000000000087,0.05,6,1,1,4,0,5,5.0,0,0,0,0,5,0,0.0,0.0,0.593023476381949,0.016666666666666666
15.700000000000088,0.05,6,1,1,4,0,5,5.0,0,0,0,0,5,0,0.0,0.0,0.5974353709856098,0.016666666666666666
15.750000000000089,0.05,6,1,1,4,0,5,5.0,0,0,0,0,5,0,0.0,0.0,0.6001214690238589,0.016666666666666666
15.80000000000009,0.05,6,1,1,4,0,5,5.0,0,0,0,0,5,0,0.0,0.0,0.5975657905921542,0.016666666666666666
15.85000000000009,0.05,6,1,1,4,0,5,5.0,0,0,0,0,5,0,0.0,0.0,0.5940078501530645,0.016666666666666666
15.900000000000091,0.05,6,1,1,4,0,5,5.0,0,0,0,0,5,0,0.0,0.0,0.5898985469046067,0.016666666666666666
15.950000000000092,0.05,6,1,1,4,0,5,5.0,0,0,0,0,5,0,0.0,0.0,0.5856311363937104,0.016666666666666666
16.000000000000092,0.05,6,1,0,5,0,5,5.0,0,0,0,0,5,0,0.0,0.0,0.5627284143734682,0.016666666666666666
16.050000000000093,0.05,6,1,0,5,0,5,5.0,0,0,0,0,5,0,0.0,0.0,0.5438787892952982,0.016666666666666666
16.100000000000094,0.05,6,1,0,5,0,5,5.0,0,0,0,0,5,0,0.0,0.0,0.6292382163164802,0.016666666666666666
16.150000000000095,0.05,6,1,0,5,0,5,5.0,0,0,0,0,5,0,0.0,0.0,0.6539765840655795,0.016666666666666666
16.200000000000095,0.05,6,1,0,5,0,5,5.0,0,0,0,0,5,0,0.0,0.0,0.6715022491126016,0.016666666666666666
16.250000000000096,0.05,6,1,0,5,0,5,5.0,0,0,0,0,5,0,0.0,0.0,0.6860969268647068,0.016666666666666666
16.300000000000097,0.05,6,1,0,5,0,5,5.0,0,0,0,0,5,0,0.0,0.0,0.6981569551123812,0.016666666666666666
16.350000000000097,0.05,6,1,0,5,0,5,5.0,0,0,0,0,5,0,0.0,0.0,0.7080785530959588,0.016666666666666666
16.400000000000098,0.05,6,1,0,5,0,5,5.0,0,0,0,0,5,0,0.0,0.0,0.7161948341651794,0.016666666666666666
16.4500000000001,0.05,6,1,0,5,0,5,5.0,0,0,0,0,5,0,0.0,0.0,0.7227359748700432,0.016666666666666666
16.5000000000001,0.05,6,1,0,5,0,5,5.0,0,0,0,0,5,0,0.0,0.0,0.7278211980517048,0.016666666666666666
16.5500000000001,0.05,6,1,0,5,0,5,5.0,0,0,0,0,5,0,0.0,0.0,0.731498206214539,0.016666666666666666
16.6000000000001,0.05,6,1,0,5,0,5,5.0,0,0,0,0,5,0,0.0,0.0,0.7159807191740933,0.016666666666666666
16.6500000000001,0.05,6,1,0,5,0,5,5.0,0,0,0,0,5,0,0.0,0.0,0.7019494916162046,0.016666666666666666
16.700000000000102,0.05,6,1,0,5,0,5,5.0,0,0,0,0,5,0,0.0,0.0,0.6895066307116456,0.016666666666666666
16.750000000000103,0.05,6,0,1,5,0,6,5.0,0,0,0,0,5,0,0.0,0.0,0.679167649140273,0.02
16.800000000000104,0.05,6,0,1,5,0,6,5.0,0,0,0,0,5,0,0.0,0.0,0.6713755903564405,0.02
16.850000000000104,0.05,6,0,1,5,0,6,5.0,0,0,0,0,5,0,0.0,0.0,0.6659479980506511,0.02
16.900000000000105,0.05,6,0,1,5,0,6,5.0,0,0,0,0,5,0,0.0,0.0,0.6620663623879738,0.02
16.950000000000106,0.05,6,0,1,5,0,6,5.0,0,0,0,0,5,0,0.0,0.0,0.6544986483153027,0.02
17.000000000000107,0.05,6,0,1,5,0,6,5.0,0,0,0,0,5,0,0.0,0.0,0.6326234334068559,0.02
17.050000000000107,0.05,6,0,1,5,0,6,6.0,0,0,1,0,6,0,20.0,0.0,0.6393327942426653,0.02
17.100000000000108,0.05,6,0,1,5,0,6,6.0,0,0,0,0,6,0,0.0,0.0,0.6559318586934128,0.02
17.15000000000011,0.05,6,0,1,5,0,6,6.0,0,0,0,0,6,0,0.0,0.0,0.6520153312930281,0.02
17.20000000000011,0.05,6,0,1,5,0,6,6.0,0,0,0,0,6,0,0.0,0.0,0.6486227317516061,0.02
17.25000000000011,0.05,6,0,1,5,0,6,6.0,0,0,0,0,6,0,0.0,0.0,0.6457815331062914,0.02
17.30000000000011,0.05,6,0,1,5,0,6,6.0,0,0,0,0,6,0,0.0,0.0,0.6433961580294364,0.02
17.35000000000011,0.05,6,0,1,5,0,6,6.0,0,0,0,0,6,0,0.0,0.0,0.6412303518395518,0.02
17.400000000000112,0.05,6,0,1,5,0,6,6.0,0,0,0,0,6,0,0.0,0.0,0.6389141357541299,0.02
17.450000000000113,0.05,6,0,1,5,0,6,6.0,0,0,0,0,6,0,0.0,0.0,0.6360105277689967,0.02
17.500000000000114,0.05,6,0,1,5,0,6,6.0,0,0,0,0,6,0,0.0,0.0,0.6549102978315204,0.02
17.550000000000114,0.05,6,0,1,5,0,6,6.0,0,0,0,0,6,0,0.0,0.0,0.6702714436687529,0.02
17.600000000000115,0.05,6,0,1,5,0,6,6.0,0,0,0,0,6,0,0.0,0.0,0.6836057353454331,0.02
17.650000000000116,0.05,7,1,1,5,0,6,6.0,0,0,0,0,6,0,0.0,0.0,0.5977889662941119,0.02
17.700000000000117,0.05,7,1,1,5,0,6,6.0,0,0,0,0,6,0,0.0,0.0,0.6256613423049983,0.02
17.750000000000117,0.05,7,1,1,5,0,6,6.0,0,0,0,0,6,0,0.0,0.0,0.6537640721071512,0.02
17.800000000000118,0.05,7,1,1,5,0,6,6.0,0,0,0,0,6,0,0.0,0.0,0.6802768169436604,0.02
17.85000000000012,0.05,7,1,1,5,0,6,6.0,0,0,0,0,6,0,0.0,0.0,0.7037047926569358,0.02
17.90000000000012,0.05,7,1,1,5,0,6,6.0,0,0,0,0,6,0,0.0,0.0,0.7236192866527874,0.02
17.95000000000012,0.05,7,1,1,5,0,6,6.0,0,0,0,0,6,0,0.0,0.0,0.7390372975746037,0.02
18.00000000000012,0.05,7,1,1,5,0,6,6.0,0,0,0,0,6,0,0.0,0.0,0.7519592429162003,0.02
18.05000000000012,0.05,7,1,1,5,0,6,6.0,0,0,0,0,6,0,0.0,0.0,0.76317361587592,0.02
18.100000000000122,0.05,7,1,1,5,0,6,6.0,0,0,0,0,6,0,0.0,0.0,0.7733179275861143,0.02
18.150000000000123,0.05,7,1,1,5,0,6,6.0,0,0,0,0,6,0,0.0,0.0,0.772448755023236,0.02
18.200000000000124,0.05,7,1,1,5,0,6,6.0,0,0,0,0,6,0,0.0,0.0,0.7710746120303936,0.02
18.250000000000124,0.05,7,1,1,5,0,6,6.0,0,0,0,0,6,0,0.0,0.0,0.7714302419023754,0.02
18.300000000000125,0.05,7,1,1,5,0,6,6.0,0,0,0,0,6,0,0.0,0.0,0.7733327649766579,0.02
18.350000000000126,0.05,7,1,1,5,0,6,6.0,0,0,0,0,6,0,0.0,0.0,0.7765070480277895,0.02
18.400000000000126,0.05,7,1,1,5,0,6,6.0,0,0,0,0,6,0,0.0,0.0,0.7806330223912872,0.02
18.450000000000127,0.05,7,1,1,5,0,6,6.0,0,0,0,0,6,0,0.0,0.0,0.785387317342351,0.02
18.500000000000128,0.05,7,1,1,5,0,6,6.0,0,0,0,0,6,0,0.0,0.0,0.7927700020040253,0.02
18.55000000000013,0.05,7,1,1,5,0,6,6.0,0,0,0,0,6,0,0.0,0.0,0.8002502726391997,0.02
18.60000000000013,0.05,7,1,1,5,0,6,6.0,0,0,0,0,6,0,0.0,0.0,0.8076613749565565,0.02
18.65000000000013,0.05,7,1,0,6,0,6,6.0,0,0,0,0,6,0,0.0,0.0,0.8148706275907378,0.02
18.70000000000013,0.05,7,1,0,6,0,6,6.0,0,0,0,0,6,0,0.0,0.0,0.8217697958810147,0.02
18.75000000000013,0.05,7,1,0,6,0,6,6.0,0,0,0,0,6,0,0.0,0.0,0.828262111625788,0.02
18.800000000000132,0.05,7,1,0,6,0,6,6.0,0,0,0,0,6,0,0.0,0.0,0.8342594348331269,0.02
18.850000000000133,0.05,7,1,0,6,0,6,6.0,0,0,0,0,6,0,0.0,0.0,0.8396667968723445,0.02
18.900000000000134,0.05,7,1,0,6,0,6,6.0,0,0,0,0,6,0,0.0,0.0,0.8443843145648445,0.02
18.950000000000134,0.05,7,1,0,6,0,6,6.0,0,0,0,0,6,0,0.0,0.0,0.848332222715596,0.02
19.000000000000135,0.05,7,1,0,6,0,6,6.0,0,0,0,0,6,0,0.0,0.0,0.8515083999757606,0.02
19.050000000000136,0.05,7,1,0,6,0,6,6.0,0,0,0,0,6,0,0.0,0.0,0.8540801846330786,0.02
19.100000000000136,0.05,7,1,0,6,0,6,6.0,0,0,0,0,6,0,0.0,0.0,0.8564483722439036,0.02
19.150000000000137,0.05,7,1,0,6,0,6,6.0,0,0,0,0,6,0,0.0,0.0,0.8592561812937934,0.02
19.200000000000138,0.05,7,1,0,6,0,6,6.0,0,0,0,0,6,0,0.0,0.0,0.863137695587089,0.02
19.25000000000014,0.05,7,1,0,6,0,6,6.0,0,0,0,0,6,0,0.0,0.0,0.8683354149290413,0.02
19.30000000000014,0.05,7,1,0,6,0,6,6.0,0,0,0,0,6,0,0.0,0.0,0.868510814850684,0.02
19.35000000000014,0.05,7,1,0,6,0,6,6.0,0,0,0,0,6,0,0.0,0.0,0.8698223881966831,0.02
19.40000000000014,0.05,7,1,0,6,0,6,6.0,0,0,0,0,6,0,0.0,0.0,0.8716844141066369,0.02
19.45000000000014,0.05,7,1,0,6,0,6,6.0,0,0,0,0,6,0,0.0,0.0,0.8737134534638601,0.02
19.500000000000142,0.05,7,1,0,6,0,6,6.0,0,0,0,0,6,0,0.0,0.0,0.8757305200854992,0.02
19.550000000000143,0.05,7,1,0,6,0,6,6.0,0,0,0,0,6,0,0.0,0.0,0.8776891889086187,0.02
19.600000000000144,0.05,7,0,1,6,0,7,6.0,0,0,0,0,6,0,0.0,0.0,0.8796017372423778,0.023333333333333334
19.650000000000144,0.05,7,0,1,6,0,7,6.0,0,0,0,0,6,0,0.0,0.0,0.8814931384347834,0.023333333333333334
19.700000000000145,0.05,7,0,1,6,0,7,6.0,0,0,0,0,6,0,0.0,0.0,0.8833806855492453,0.023333333333333334
19.750000000000146,0.05,7,0,1,6,0,7,6.0,0,0,0,0,6,0,0.0,0.0,0.8852692910726725,0.023333333333333334
19.800000000000146,0.05,7,0,1,6,0,7,6.0,0,0,0,0,6,0,0.0,0.0,0.887154015823439,0.023333333333333334
19.850000000000147,0.05,7,0,1,6,0,7,6.0,0,0,0,0,6,0,0.0,0.0,0.8890123118070952,0.023333333333333334
19.900000000000148,0.05,7,0,1,6,0,7,7.0,0,0,1,0,7,0,20.0,0.0,0.8908341055115889,0.023333333333333334
19.95000000000015,0.05,7,0,1,6,0,7,7.0,0,0,0,0,7,0,0.0,0.0,0.8926212614491534,0.023333333333333334
20.00000000000015,0.05,7,0,1,6,0,7,7.0,0,0,0,0,7,0,0.0,0.0,0.8943707225436788,0.023333333333333334
20.05000000000015,0.05,7,0,1,6,0,7,7.0,0,0,0,0,7,0,0.0,0.0,0.8960770305452316,0.023333333333333334
20.10000000000015,0.05,7,0,1,6,0,7,7.0,0,0,0,0,7,0,0.0,0.0,0.8977345569383876,0.023333333333333334
20.15000000000015,0.05,7,0,1,6,0,7,7.0,0,0,0,0,7,0,0.0,0.0,0.8993445362836106,0.023333333333333334
20.200000000000152,0.05,7,0,1,6,0,7,7.0,0,0,0,0,7,0,0.0,0.0,0.9008943067656234,0.023333333333333334
20.250000000000153,0.05,8,1,1,6,0,7,7.0,0,0,0,0,7,0,0.0,0.0,0.789906751029231,0.023333333333333334
20.300000000000153,0.05,8,1,1,6,0,7,7.0,0,0,0,0,7,0,0.0,0.0,0.8033161911177749,0.023333333333333334
20.350000000000154,0.05,8,1,1,6,0,7,7.0,0,0,0,0,7,0,0.0,0.0,0.8285046890377998,0.023333333333333334
20.400000000000155,0.05,8,1,1,6,0,7,7.0,0,0,0,0,7,0,0.0,0.0,0.8513432312756777,0.023333333333333334
20.450000000000156,0.05,8,1,1,6,0,7,7.0,0,0,0,0,7,0,0.0,0.0,0.872034415602684,0.023333333333333334
20.500000000000156,0.05,8,1,1,6,0,7,7.0,0,0,0,0,7,0,0.0,0.0,0.8907660320401192,0.023333333333333334
20.550000000000157,0.05,8,1,1,6,0,7,7.0,0,0,0,0,7,0,0.0,0.0,0.9077114649116993,0.023333333333333334
20.600000000000158,0.05,8,1,1,6,0,7,7.0,0,0,0,0,7,0,0.0,0.0,0.9230293221771717,0.023333333333333334
20.65000000000016,0.05,8,1,1,6,0,7,7.0,0,0,0,0,7,0,0.0,0.0,0.9368683397769928,0.023333333333333334
20.70000000000016,0.05,8,1,1,6,0,7,7.0,0,0,0,0,7,0,0.0,0.0,0.9493614286184311,0.023333333333333334
20.75000000000016,0.05,8,1,1,6,0,7,7.0,0,0,0,0,7,0,0.0,0.0,0.9606197699904442,0.023333333333333334
20.80000000000016,0.05,8,1,1,6,0,7,7.0,0,0,0,0,7,0,0.0,0.0,0.9707382842898369,0.023333333333333334
20.85000000000016,0.05,8,1,1,6,0,7,7.0,0,0,0,0,7,0,0.0,0.0,0.9797974973917007,0.023333333333333334
20.900000000000162,0.05,8,1,1,6,0,7,7.0,0,0,0,0,7,0,0.0,0.0,0.9878651201725006,0.023333333333333334
20.950000000000163,0.05,8,1,1,6,0,7,7.0,0,0,0,0,7,0,0.0,0.0,0.9949957653880119,0.023333333333333334
21.000000000000163,0.05,8,1,1,6,0,7,7.0,0,0,0,0,7,0,0.0,0.0,1.0012281984090805,0.023333333333333334
21.050000000000164,0.05,8,1,1,6,0,7,7.0,0,0,0,0,7,0,0.0,0.0,1.00657819211483,0.023333333333333334
21.100000000000165,0.05,8,1,1,6,0,7,7.0,0,0,0,0,7,0,0.0,0.0,1.0110915675759315,0.023333333333333334
21.150000000000166,0.05,8,1,1,6,0,7,7.0,0,0,0,0,7,0,0.0,0.0,1.0148186907172203,0.023333333333333334
21.200000000000166,0.05,8,1,1,6,0,7,7.0,0,0,0,0,7,0,0.0,0.0,1.0165201127529144,0.023333333333333334
21.250000000000167,0.05,8,1,1,6,0,7,7.0,0,0,0,0,7,0,0.0,0.0,1.0174761787056923,0.023333333333333334
21.300000000000168,0.05,8,1,1,6,0,7,7.0,0,0,0,0,7,0,0.0,0.0,1.0176241621375084,0.023333333333333334
21.35000000000017,0.05,8,1,1,6,0,7,7.0,0,0,0,0,7,0,0.0,0.0,1.0168750658631325,0.023333333333333334
21.40000000000017,0.05,8,1,1,6,0,7,7.0,0,0,0,0,7,0,0.0,0.0,1.0117334797978401,0.023333333333333334
21.45000000000017,0.05,8,1,1,6,0,7,7.0,0,0,0,0,7,0,0.0,0.0,1.0065176039934158,0.023333333333333334
21.50000000000017,0.05,8,1,1,6,0,7,7.0,0,0,0,0,7,0,0.0,0.0,1.0010634884238243,0.023333333333333334
21.55000000000017,0.05,8,1,0,7,0,7,7.0,0,0,0,0,7,0,0.0,0.0,0.9762634113430977,0.023333333333333334
21.600000000000172,0.05,8,1,0,7,0,7,7.0,0,0,0,0,7,0,0.0,0.0,0.9562015011906624,0.023333333333333334
21.650000000000173,0.05,8,1,0,7,0,7,7.0,0,0,0,0,7,0,0.0,0.0,0.9401058703660965,0.023333333333333334
21.700000000000173,0.05,8,1,0,7,0,7,7.0,0,0,0,0,7,0,0.0,0.0,0.9274334274232388,0.023333333333333334
21.750000000000174,0.05,8,1,0,7,0,7,7.0,0,0,0,0,7,0,0.0,0.0,0.9177821651101112,0.023333333333333334
21.800000000000175,0.05,8,1,0,7,0,7,7.0,0,0,0,0,7,0,0.0,0.0,0.9108032509684563,0.023333333333333334
21.850000000000176,0.05,8,1,0,7,0,7,7.0,0,0,0,0,7,0,0.0,0.0,0.906118730083108,0.023333333333333334
21.900000000000176,0.05,8,1,0,7,0,7,7.0,0,0,0,0,7,0,0.0,0.0,0.9032775238156319,0.023333333333333334
21.950000000000177,0.05,8,1,0,7,0,7,7.0,0,0,0,0,7,0,0.0,0.0,0.9017736921086907,0.023333333333333334
22.000000000000178,0.05,8,1,0,7,0,7,7.0,0,0,0,0,7,0,0.0,0.0,0.901110484264791,0.023333333333333334
22.05000000000018,0.05,8,1,0,7,0,7,7.0,0,0,0,0,7,0,0.0,0.0,0.9008739991113544,0.023333333333333334
22.10000000000018,0.05,8,1,0,7,0,7,7.0,0,0,0,0,7,0,0.0,0.0,0.9008111073635519,0.023333333333333334
22.15000000000018,0.05,8,0,1,7,0,8,7.0,0,0,0,0,7,0,0.0,0.0,0.9007825832813978,0.02666666666666667
22.20000000000018,0.05,8,0,1,7,0,8,7.0,0,0,0,0,7,0,0.0,0.0,0.9007868617773056,0.02666666666666667
22.25000000000018,0.05,8,0,1,7,0,8,7.0,0,0,0,0,7,0,0.0,0.0,0.9009198590647429,0.02666666666666667
22.300000000000182,0.05,8,0,1,7,0,8,7.0,0,0,0,0,7,0,0.0,0.0,0.9013085402548313,0.02666666666666667
22.350000000000183,0.05,8,0,1,7,0,8,7.0,0,0,0,0,7,0,0.0,0.0,0.9020417719148099,0.02666666666666667
22.400000000000183,0.05,8,0,1,7,0,8,7.0,0,0,0,0,7,0,0.0,0.0,0.9031306158285588,0.02666666666666667
22.450000000000184,0.05,8,0,1,7,0,8,8.0,0,0,1,0,8,0,20.0,0.0,0.9045152937760577,0.02666666666666667
22.500000000000185,0.05,8,0,1,7,0,8,8.0,0,0,0,0,8,0,0.0,0.0,0.9061059530358762,0.02666666666666667
22.550000000000185,0.05,8,0,1,7,0,8,8.0,0,0,0,0,8,0,0.0,0.0,0.9078232696047053,0.02666666666666667
22.600000000000186,0.05,8,0,1,7,0,8,8.0,0,0,0,0,8,0,0.0,0.0,0.9096149112447165,0.02666666666666667
22.650000000000187,0.05,8,0,1,7,0,8,8.0,0,0,0,0,8,0,0.0,0.0,0.9114462925936095,0.02666666666666667
22.700000000000188,0.05,8,0,1,7,0,8,8.0,0,0,0,0,8,0,0.0,0.0,0.9132815977209248,0.02666666666666667
22.75000000000019,0.05,8,0,1,7,0,8,8.0,0,0,0,0,8,0,0.0,0.0,0.9150695641001221,0.02666666666666667
22.80000000000019,0.05,8,0,1,7,0,8,8.0,0,0,0,0,8,0,0.0,0.0,0.9167382798041217,0.02666666666666667
22.85000000000019,0.05,8,0,1,7,0,8,8.0,0,0,0,0,8,0,0.0,0.0,0.9181918834801763,0.02666666666666667
22.90000000000019,0.05,8,0,1,7,0,8,8.0,0,0,0,0,8,0,0.0,0.0,0.9193010939343367,0.02666666666666667
22.95000000000019,0.05,8,0,1,7,0,8,8.0,0,0,0,0,8,0,0.0,0.0,0.919831060920842,0.02666666666666667
23.000000000000192,0.05,8,0,1,7,0,8,8.0,0,0,0,0,8,0,0.0,0.0,0.9195610933820717,0.02666666666666667
23.050000000000193,0.05,8,0,1,7,0,8,8.0,0,0,0,0,8,0,0.0,0.0,0.9183686283940915,0.02666666666666667
23.100000000000193,0.05,8,0,1,7,0,8,8.0,0,0,0,0,8,0,0.0,0.0,0.9163127959909616,0.02666666666666667
23.150000000000194,0.05,8,0,1,7,0,8,8.0,0,0,0,0,8,0,0.0,0.0,0.9138132340667653,0.02666666666666667
23.200000000000195,0.05,8,0,1,7,0,8,8.0,0,0,0,0,8,0,0.0,0.0,0.9117570182243071,0.02666666666666667
23.250000000000195,0.05,8,0,1,7,0,8,8.0,0,0,0,0,8,0,0.0,0.0,0.9112365080363816,0.02666666666666667
23.300000000000196,0.05,8,0,1,7,0,8,8.0,0,0,0,0,8,0,0.0,0.0,0.9128081591661612,0.02666666666666667
23.350000000000197,0.05,8,0,1,7,0,8,8.0,0,0,0,0,8,0,0.0,0.0,0.915928509673904,0.02666666666666667
23.400000000000198,0.05,8,0,1,7,0,8,8.0,0,0,0,0,8,0,0.0,0.0,0.9185968657056947,0.02666666666666667
23.4500000000002,0.05,8,0,1,7,0,8,8.0,0,0,0,0,8,0,0.0,0.0,0.9204629734940681,0.02666666666666667
23.5000000000002,0.05,8,0,1,7,0,8,8.0,0,0,0,0,8,0,0.0,0.0,0.9208311141164813,0.02666666666666667
23.5500000000002,0.05,8,0,1,7,0,8,8.0,0,0,0,0,8,0,0.0,0.0,0.9197700724498645,0.02666666666666667
23.6000000000002,0.05,8,0,1,7,0,8,8.0,0,0,0,0,8,0,0.0,0.0,0.908172332684444,0.02666666666666667
23.6500000000002,0.05,8,0,1,7,0,8,8.0,0,0,0,0,8,0,0.0,0.0,0.8973983965834123,0.02666666666666667
23.700000000000202,0.05,8,0,1,7,0,8,8.0,0,0,0,0,8,0,0.0,0.0,0.8875075170412856,0.02666666666666667
23.750000000000203,0.05,9,1,1,7,0,8,8.0,0,0,0,0,8,0,0.0,0.0,0.7809054331159536,0.02666666666666667
23.800000000000203,0.05,9,1,1,7,0,8,8.0,0,0,0,0,8,0,0.0,0.0,0.7814878841102958,0.02666666666666667
23.850000000000204,0.05,9,1,1,7,0,8,8.0,0,0,0,0,8,0,0.0,0.0,0.7804776671087489,0.02666666666666667
23.900000000000205,0.05,9,1,1,7,0,8,8.0,0,0,0,0,8,0,0.0,0.0,0.7626498713139477,0.02666666666666667
23.950000000000205,0.05,9,1,1,7,0,8,8.0,0,0,0,0,8,0,0.0,0.0,0.7708419269226093,0.02666666666666667
24.000000000000206,0.05,9,1,0,8,0,8,8.0,0,0,0,0,8,0,0.0,0.0,0.7946501398804079,0.02666666666666667
24.050000000000207,0.05,9,1,0,8,0,8,8.0,0,0,0,0,8,0,0.0,0.0,0.7996072464298373,0.02666666666666667
24.100000000000207,0.05,9,1,0,8,0,8,8.0,0,0,0,0,8,0,0.0,0.0,0.801986347419289,0.02666666666666667
24.150000000000208,0.05,9,1,0,8,0,8,8.0,0,0,0,0,8,0,0.0,0.0,0.8047973771483865,0.02666666666666667
24.20000000000021,0.05,9,1,0,8,0,8,8.0,0,0,0,0,8,0,0.0,0.0,0.808007031116833,0.02666666666666667
24.25000000000021,0.05,9,1,0,8,0,8,8.0,0,0,0,0,8,0,0.0,0.0,0.811583254947133,0.02666666666666667
24.30000000000021,0.05,9,1,0,8,0,8,8.0,0,0,0,0,8,0,0.0,0.0,0.8154911445621766,0.02666666666666667
24.35000000000021,0.05,9,1,0,8,0,8,8.0,0,0,0,0,8,0,0.0,0.0,0.8196893729403756,0.02666666666666667
24.40000000000021,0.05,9,1,0,8,0,8,8.0,0,0,0,0,8,0,0.0,0.0,0.8223030128189193,0.02666666666666667
24.450000000000212,0.05,9,1,0,8,0,8,8.0,0,0,0,0,8,0,0.0,0.0,0.8253488408015655,0.02666666666666667
24.500000000000213,0.05,9,1,0,8,0,8,8.0,0,0,0,0,8,0,0.0,0.0,0.8288395735809344,0.02666666666666667
24.550000000000214,0.05,9,1,0,8,0,8,8.0,0,0,0,0,8,0,0.0,0.0,0.8327232009720293,0.02666666666666667
24.600000000000215,0.05,9,1,0,8,0,8,8.0,0,0,0,0,8,0,0.0,0.0,0.8368938139982826,0.02666666666666667
24.650000000000215,0.05,9,1,0,8,0,8,8.0,0,0,0,0,8,0,0.0,0.0,0.8412682000987578,0.02666666666666667
24.700000000000216,0.05,9,1,0,8,0,8,8.0,0,0,0,0,8,0,0.0,0.0,0.8457031018887291,0.02666666666666667
24.750000000000217,0.05,9,1,0,8,0,8,8.0,0,0,0,0,8,0,0.0,0.0,0.8501091580142707,0.02666666666666667
24.800000000000217,0.05,9,1,0,8,0,8,8.0,0,0,0,0,8,0,0.0,0.0,0.8544377271771503,0.02666666666666667
24.850000000000218,0.05,9,1,0,8,0,8,8.0,0,0,0,0,8,0,0.0,0.0,0.8586789608881291,0.02666666666666667
24.90000000000022,0.05,9,1,0,8,0,8,8.0,0,0,0,0,8,0,0.0,0.0,0.862846134044228,0.02666666666666667
24.95000000000022,0.05,9,1,0,8,0,8,8.0,0,0,0,0,8,0,0.0,0.0,0.866956597914299,0.02666666666666667
25.00000000000022,0.05,9,1,0,8,0,8,8.0,0,0,0,0,8,0,0.0,0.0,0.871018412126435,0.02666666666666667
25.05000000000022,0.05,9,1,0,8,0,8,8.0,0,0,0,0,8,0,0.0,0.0,0.8750324374410836,0.02666666666666667
25.10000000000022,0.05,9,1,0,8,0,8,8.0,0,0,0,0,8,0,0.0,0.0,0.85580075788286,0.02666666666666667
25.150000000000222,0.05,9,1,0,8,0,8,8.0,0,0,0,0,8,0,0.0,0.0,0.8412562291446256,0.02666666666666667
25.200000000000223,0.05,9,1,0,8,0,8,8.0,0,0,0,0,8,0,0.0,0.0,0.8305744261706877,0.02666666666666667
25.250000000000224,0.05,9,1,0,8,0,8,8.0,0,0,0,0,8,0,0.0,0.0,0.8231682398185475,0.02666666666666667
25.300000000000225,0.05,9,1,0,8,0,8,8.0,0,0,0,0,8,0,0.0,0.0,0.8185701278791436,0.02666666666666667
25.350000000000225,0.05,9,1,0,8,0,8,8.0,0,0,0,0,8,0,0.0,0.0,0.8162483142173773,0.02666666666666667
25.400000000000226,0.05,9,1,0,8,0,8,8.0,0,0,0,0,8,0,0.0,0.0,0.8156092077247157,0.02666666666666667
25.450000000000227,0.05,9,1,0,8,0,8,8.0,0,0,0,0,8,0,0.0,0.0,0.8160742873418481,0.02666666666666667
25.500000000000227,0.05,9,1,0,8,0,8,8.0,0,0,0,0,8,0,0.0,0.0,0.817123429666743,0.02666666666666667
25.550000000000228,0.05,9,1,0,8,0,8,8.0,0,0,0,0,8,0,0.0,0.0,0.8184026956749906,0.02666666666666667
25.60000000000023,0.05,9,1,0,8,0,8,8.0,0,0,0,0,8,0,0.0,0.0,0.7974413735158934,0.02666666666666667
25.65000000000023,0.05,9,1,0,8,0,8,8.0,0,0,0,0,8,0,0.0,0.0,0.7813308313810317,0.02666666666666667
25.70000000000023,0.05,9,0,1,8,0,9,8.0,0,0,0,0,8,0,0.0,0.0,0.7692728782122787,0.03
25.75000000000023,0.05,9,0,1,8,0,9,8.0,0,0,0,0,8,0,0.0,0.0,0.7605519238154456,0.03
25.80000000000023,0.05,9,0,1,8,0,9,8.0,0,0,0,0,8,0,0.0,0.0,0.7624194791747464,0.03
25.850000000000232,0.05,9,0,1,8,0,9,8.0,0,0,0,0,8,0,0.0,0.0,0.7655328172776434,0.03
25.900000000000233,0.05,9,0,1,8,0,9,8.0,0,0,0,0,8,0,0.0,0.0,0.7691978743920723,0.03
25.950000000000234,0.05,9,0,1,8,0,9,8.0,0,0,0,0,8,0,0.0,0.0,0.7730600072277917,0.03
26.000000000000234,0.05,9,0,1,8,0,9,9.0,0,0,1,0,9,0,20.0,0.0,0.7769116381597188,0.03
26.050000000000235,0.05,9,0,1,8,0,9,9.0,0,0,0,0,9,0,0.0,0.0,0.7806382796002759,0.03
26.100000000000236,0.05,9,0,1,8,0,9,9.0,0,0,0,0,9,0,0.0,0.0,0.7841857192623947,0.03
26.150000000000237,0.05,9,0,1,8,0,9,9.0,0,0,0,0,9,0,0.0,0.0,0.7875319207087159,0.03
26.200000000000237,0.05,9,0,1,8,0,9,9.0,0,0,0,0,9,0,0.0,0.0,0.7906690819913315,0.03
26.250000000000238,0.05,9,0,1,8,0,9,9.0,0,0,0,0,9,0,0.0,0.0,0.7935938504524529,0.03
26.30000000000024,0.05,9,0,1,8,0,9,9.0,0,0,0,0,9,0,0.0,0.0,0.7963027701609664,0.03
26.35000000000024,0.05,9,0,1,8,0,9,9.0,0,0,0,0,9,0,0.0,0.0,0.7749380969131986,0.03
26.40000000000024,0.05,9,0,1,8,0,9,9.0,0,0,0,0,9,0,0.0,0.0,0.758118246940689,0.03
26.45000000000024,0.05,9,0,1,8,0,9,9.0,0,0,0,0,9,0,0.0,0.0,0.7448823200538754,0.03
26.50000000000024,0.05,9,0,1,8,0,9,9.0,0,0,0,0,9,0,0.0,0.0,0.7344604197035854,0.03
26.550000000000242,0.05,9,0,1,8,0,9,9.0,0,0,0,0,9,0,0.0,0.0,0.7262351681969853,0.03
26.600000000000243,0.05,9,0,1,8,0,9,9.0,0,0,0,0,9,0,0.0,0.0,0.7197110133193847,0.03
26.650000000000244,0.05,9,0,1,8,0,9,9.0,0,0,0,0,9,0,0.0,0.0,0.7144892272836942,0.03
26.700000000000244,0.05,9,0,1,8,0,9,9.0,0,0,0,0,9,0,0.0,0.0,0.7102480862134447,0.03
26.750000000000245,0.05,9,0,1,8,0,9,9.0,0,0,0,0,9,0,0.0,0.0,0.7067268301875124,0.03
26.800000000000246,0.05,10,1,1,8,0,9,9.0,0,0,0,0,9,0,0.0,0.0,0.6333481541070796,0.03
26.850000000000247,0.05,10,1,1,8,0,9,9.0,0,0,0,0,9,0,0.0,0.0,0.6409341445425525,0.03
26.900000000000247,0.05,10,1,1,8,0,9,9.0,0,0,0,0,9,0,0.0,0.0,0.6477711832820205,0.03
26.950000000000248,0.05,10,1,1,8,0,9,9.0,0,0,0,0,9,0,0.0,0.0,0.653843426835374,0.03
27.00000000000025,0.05,10,1,1,8,0,9,9.0,0,0,0,0,9,0,0.0,0.0,0.6591558920888929,0.03
27.05000000000025,0.05,10,1,1,8,0,9,9.0,0,0,0,0,9,0,0.0,0.0,0.6637260455347131,0.03
27.10000000000025,0.05,10,1,1,8,0,9,9.0,0,0,0,0,9,0,0.0,0.0,0.6675798954609491,0.03
27.15000000000025,0.05,10,1,1,8,0,9,9.0,0,0,0,0,9,0,0.0,0.0,0.670763083898055,0.03
27.20000000000025,0.05,10,1,1,8,0,9,9.0,0,0,0,0,9,0,0.0,0.0,0.67335450833707,0.03
27.250000000000252,0.05,10,1,1,8,0,9,9.0,0,0,0,0,9,0,0.0,0.0,0.6754133586797252,0.03
27.300000000000253,0.05,10,1,1,8,0,9,9.0,0,0,0,0,9,0,0.0,0.0,0.67596642047356,0.03
27.350000000000254,0.05,10,1,1,8,0,9,9.0,0,0,0,0,9,0,0.0,0.0,0.6762311670816417,0.03
27.400000000000254,0.05,10,1,1,8,0,9,9.0,0,0,0,0,9,0,0.0,0.0,0.6763229193802545,0.03
27.450000000000255,0.05,10,1,1,8,0,9,9.0,0,0,0,0,9,0,0.0,0.0,0.6763841715230228,0.03
27.500000000000256,0.05,10,1,1,8,0,9,9.0,0,0,0,0,9,0,0.0,0.0,0.6858246978139505,0.03
27.550000000000257,0.05,10,1,1,8,0,9,9.0,0,0,0,0,9,0,0.0,0.0,0.7012846585552325,0.03
27.600000000000257,0.05,10,1,1,8,0,9,9.0,0,0,0,0,9,0,0.0,0.0,0.7212656590723782,0.03
27.650000000000258,0.05,10,1,0,9,0,9,9.0,0,0,0,0,9,0,0.0,0.0,0.7341948583380145,0.03
27.70000000000026,0.05,10,1,0,9,0,9,9.0,0,0,0,0,9,0,0.0,0.0,0.7382659125149076,0.03
27.75000000000026,0.05,10,1,0,9,0,9,9.0,0,0,0,0,9,0,0.0,0.0,0.7419917287614226,0.03
27.80000000000026,0.05,10,1,0,9,0,9,9.0,0,0,0,0,9,0,0.0,0.0,0.7452009131357045,0.03
27.85000000000026,0.05,10,1,0,9,0,9,9.0,0,0,0,0,9,0,0.0,0.0,0.747789633647335,0.03
27.90000000000026,0.05,10,1,0,9,0,9,9.0,0,0,0,0,9,0,0.0,0.0,0.7497009888402317,0.03
27.950000000000262,0.05,10,1,0,9,0,9,9.0,0,0,0,0,9,0,0.0,0.0,0.7509133815818132,0.03
28.000000000000263,0.05,10,1,0,9,0,9,9.0,0,0,0,0,9,0,0.0,0.0,0.7514313507099359,0.03
28.050000000000264,0.05,10,1,0,9,0,9,9.0,0,0,0,0,9,0,0.0,0.0,0.751277134659631,0.03
28.100000000000264,0.05,10,1,0,9,0,9,9.0,0,0,0,0,9,0,0.0,0.0,0.7504809445891624,0.03
28.150000000000265,0.05,10,1,0,9,0,9,9.0,0,0,0,0,9,0,0.0,0.0,0.7490697365388769,0.03
28.200000000000266,0.05,10,1,0,9,0,9,9.0,0,0,0,0,9,0,0.0,0.0,0.732289749096617,0.03
28.250000000000266,0.05,10,1,0,9,0,9,9.0,0,0,0,0,9,0,0.0,0.0,0.7183986339666717,0.03
28.300000000000267,0.05,10,1,0,9,0,9,9.0,0,0,0,0,9,0,0.0,0.0,0.7067979416206981,0.03
28.350000000000268,0.05,10,1,0,9,0,9,9.0,0,0,0,0,9,0,0.0,0.0,0.697004251952967,0.03
28.40000000000027,0.05,10,1,0,9,0,9,9.0,0,0,0,0,9,0,0.0,0.0,0.6886307412592714,0.03
28.45000000000027,0.05,10,1,0,9,0,9,9.0,0,0,0,0,9,0,0.0,0.0,0.6813713766509182,0.03
28.50000000000027,0.05,10,1,0,9,0,9,9.0,0,0,0,0,9,0,0.0,0.0,0.6749881771103674,0.03
28.55000000000027,0.05,10,1,0,9,0,9,9.0,0,0,0,0,9,0,0.0,0.0,0.6693004352369372,0.03
28.60000000000027,0.05,10,1,0,9,0,9,9.0,0,0,0,0,9,0,0.0,0.0,0.6789887119225341,0.03
28.650000000000272,0.05,10,1,0,9,0,9,9.0,0,0,0,0,9,0,0.0,0.0,0.6880856876187863,0.03
28.700000000000273,0.05,10,1,0,9,0,9,9.0,0,0,0,0,9,0,0.0,0.0,0.6965247880608502,0.03
28.750000000000274,0.05,10,1,0,9,0,9,9.0,0,0,0,0,9,0,0.0,0.0,0.7042289475304415,0.03
28.800000000000274,0.05,10,1,0,9,0,9,9.0,0,0,0,0,9,0,0.0,0.0,0.7111143357567016,0.03
28.850000000000275,0.05,10,1,0,9,0,9,9.0,0,0,0,0,9,0,0.0,0.0,0.7170967057704558,0.03
28.900000000000276,0.05,10,1,0,9,0,9,9.0,0,0,0,0,9,0,0.0,0.0,0.7220953920396852,0.03
28.950000000000276,0.05,10,1,0,9,0,9,9.0,0,0,0,0,9,0,0.0,0.0,0.7114863140886201,0.03
29.000000000000277,0.05,10,1,0,9,0,9,9.0,0,0,0,0,9,0,0.0,0.0,0.7026528659765049,0.03
29.050000000000278,0.05,10,1,0,9,0,9,9.0,0,0,0,0,9,0,0.0,0.0,0.6949281797762523,0.03
29.10000000000028,0.05,10,1,0,9,0,9,9.0,0,0,0,0,9,0,0.0,0.0,0.6877004867992937,0.03
29.15000000000028,0.05,10,1,0,9,0,9,9.0,0,0,0,0,9,0,0.0,0.0,0.6804888643783045,0.03
29.20000000000028,0.05,10,1,0,9,0,9,9.0,0,0,0,0,9,0,0.0,0.0,0.6730472130415961,0.03
29.25000000000028,0.05,10,1,0,9,0,9,9.0,0,0,0,0,9,0,0.0,0.0,0.665502419607266,0.03
29.30000000000028,0.05,10,1,0,9,0,9,9.0,0,0,0,0,9,0,0.0,0.0,0.6584266950510589,0.03
29.350000000000282,0.05,10,1,0,9,0,9,9.0,0,0,0,0,9,0,0.0,0.0,0.6525505119203896,0.03
29.400000000000283,0.05,10,1,0,8,1,9,9.0,0,0,0,0,9,0,0.0,0.0,0.6267732637396325,0.03
29.450000000000284,0.05,10,1,0,8,1,9,9.0,0,0,0,0,9,0,0.0,0.0,0.6061160456191569,0.03
29.500000000000284,0.05,10,1,0,8,1,9,9.0,0,0,0,0,9,0,0.0,0.0,0.5887198564182266,0.03
29.550000000000285,0.05,10,1,0,8,1,9,9.0,0,0,0,0,9,0,0.0,0.0,0.5621354205458609,0.03
29.600000000000286,0.05,10,1,0,8,1,9,9.0,0,0,0,0,9,0,0.0,0.0,0.5379068215852937,0.03
29.650000000000286,0.05,10,1,0,8,1,9,9.0,0,0,0,0,9,0,0.0,0.0,0.5408442846856346,0.03
29.700000000000287,0.05,11,1,1,8,1,10,9.0,0,0,0,0,9,0,0.0,0.0,0.49122991221907203,0.03333333333333333
29.750000000000288,0.05,11,1,1,8,1,10,9.0,0,0,0,0,9,0,0.0,0.0,0.4818321921263909,0.03333333333333333
29.80000000000029,0.05,11,1,1,8,1,10,9.0,0,0,0,0,9,0,0.0,0.0,0.476901399117026,0.03333333333333333
29.85000000000029,0.05,11,1,1,8,1,10,9.0,0,0,0,0,9,0,0.0,0.0,0.4738774817403824,0.03333333333333333
29.90000000000029,0.05,11,1,1,8,1,10,9.0,0,0,0,0,9,0,0.0,0.0,0.47244672159261875,0.03333333333333333
29.95000000000029,0.05,11,1,1,8,1,10,9.0,0,0,0,0,9,0,0.0,0.0,0.472321915715232,0.03333333333333333
30.00000000000029,0.05,11,1,1,8,1,10,10.0,0,0,1,0,10,0,20.0,0.0,0.4893337818198647,0.03333333333333333
30.050000000000292,0.05,11,1,1,8,1,10,10.0,0,0,0,0,10,0,0.0,0.0,0.5063602450417503,0.03333333333333333
30.100000000000293,0.05,11,1,1,8,1,10,10.0,0,0,0,0,10,0,0.0,0.0,0.5232831250865605,0.03333333333333333
30.150000000000293,0.05,11,1,1,8,1,10,10.0,0,0,0,0,10,0,0.0,0.0,0.5397461495059278,0.03333333333333333
30.200000000000294,0.05,11,1,1,8,1,10,10.0,0,0,0,0,10,0,0.0,0.0,0.555388725692782,0.03333333333333333
30.250000000000295,0.05,11,1,1,8,1,10,10.0,0,0,0,0,10,0,0.0,0.0,0.5699963560552781,0.03333333333333333
30.300000000000296,0.05,11,1,1,8,1,10,10.0,0,0,0,0,10,0,0.0,0.0,0.5834827094672206,0.03333333333333333
30.350000000000296,0.05,11,1,1,8,1,10,10.0,0,0,0,0,10,0,0.0,0.0,0.5958372877483437,0.03333333333333333
30.400000000000297,0.05,11,1,1,8,1,10,10.0,0,0,0,0,10,0,0.0,0.0,0.6070904139404857,0.03333333333333333
30.450000000000298,0.05,11,1,1,8,1,10,10.0,0,0,0,0,10,0,0.0,0.0,0.617293730912107,0.03333333333333333
30.5000000000003,0.05,11,1,1,8,1,10,10.0,0,0,0,0,10,0,0.0,0.0,0.6265093618122509,0.03333333333333333
30.5500000000003,0.05,11,1,1,8,1,10,10.0,0,0,0,0,10,0,0.0,0.0,0.6348038571594027,0.03333333333333333
30.6000000000003,0.05,11,1,1,8,1,10,10.0,0,0,0,0,10,0,0.0,0.0,0.6422444529068592,0.03333333333333333
30.6500000000003,0.05,11,1,1,8,1,10,10.0,0,0,0,0,10,0,0.0,0.0,0.6488903242226033,0.03333333333333333
30.7000000000003,0.05,11,1,1,8,1,10,10.0,0,0,0,0,10,0,0.0,0.0,0.6548037937587982,0.03333333333333333
30.750000000000302,0.05,11,1,1,8,1,10,10.0,0,0,0,0,10,0,0.0,0.0,0.6600434521788388,0.03333333333333333
30.800000000000303,0.05,11,1,1,8,1,10,10.0,0,0,0,0,10,0,0.0,0.0,0.6646616057096253,0.03333333333333333
30.850000000000303,0.05,11,1,1,8,1,10,10.0,0,0,0,0,10,0,0.0,0.0,0.6687035526314585,0.03333333333333333
30.900000000000304,0.05,11,1,1,8,1,10,10.0,0,0,0,0,10,0,0.0,0.0,0.6722075776319592,0.03333333333333333
30.950000000000305,0.05,11,1,1,8,1,10,10.0,0,0,0,0,10,0,0.0,0.0,0.6752344060803146,0.03333333333333333
31.000000000000306,0.05,11,1,1,8,1,10,10.0,0,0,0,0,10,0,0.0,0.0,0.6728595831798636,0.03333333333333333
31.050000000000306,0.05,11,1,1,8,1,10,10.0,0,0,0,0,10,0,0.0,0.0,0.6684034492869118,0.03333333333333333
31.100000000000307,0.05,11,1,1,8,1,10,10.0,0,0,0,0,10,0,0.0,0.0,0.6756439671498398,0.03333333333333333
31.150000000000308,0.05,11,0,2,8,1,11,10.0,0,0,0,0,10,0,0.0,0.0,0.6781397258889683,0.03666666666666667
31.20000000000031,0.05,11,0,2,8,1,11,10.0,0,0,0,0,10,0,0.0,0.0,0.6763612477757927,0.03666666666666667
31.25000000000031,0.05,11,0,2,8,1,11,10.0,0,0,0,0,10,0,0.0,0.0,0.6746549001174355,0.03666666666666667
31.30000000000031,0.05,11,0,2,8,1,11,10.0,0,0,0,0,10,0,0.0,0.0,0.6746349508967971,0.03666666666666667
31.35000000000031,0.05,11,0,2,8,1,11,10.0,0,0,0,0,10,0,0.0,0.0,0.6752030541140098,0.03666666666666667
31.40000000000031,0.05,11,0,2,8,1,11,10.0,0,0,0,0,10,0,0.0,0.0,0.676452409329993,0.03666666666666667
31.450000000000312,0.05,11,0,2,8,1,11,11.0,0,0,1,0,11,0,20.0,0.0,0.6780650384235245,0.03666666666666667
31.500000000000313,0.05,11,0,1,9,1,11,11.0,0,0,0,0,11,0,0.0,0.0,0.6796739525833444,0.03666666666666667
31.550000000000313,0.05,11,0,1,9,1,11,11.0,0,0,0,0,11,0,0.0,0.0,0.6810593004454016,0.03666666666666667
31.600000000000314,0.05,11,0,1,9,1,11,11.0,0,0,0,0,11,0,0.0,0.0,0.682097291854,0.03666666666666667
31.650000000000315,0.05,11,0,1,9,1,11,11.0,0,0,0,0,11,0,0.0,0.0,0.6827069974291672,0.03666666666666667
31.700000000000315,0.05,11,0,1,9,1,11,11.0,0,0,0,0,11,0,0.0,0.0,0.6804410473493708,0.03666666666666667
31.750000000000316,0.05,11,0,1,9,1,11,11.0,0,0,0,0,11,0,0.0,0.0,0.6774561003092643,0.03666666666666667
31.800000000000317,0.05,11,0,1,9,1,11,11.0,0,0,0,0,11,0,0.0,0.0,0.6767750201636124,0.03666666666666667
31.850000000000318,0.05,11,0,1,9,1,11,11.0,0,0,0,0,11,0,0.0,0.0,0.6758222623622765,0.03666666666666667
31.90000000000032,0.05,11,0,1,9,1,11,11.0,0,0,0,0,11,0,0.0,0.0,0.6686440103145834,0.03666666666666667
31.95000000000032,0.05,11,0,1,9,1,11,11.0,0,0,0,0,11,0,0.0,0.0,0.6619031932990557,0.03666666666666667
32.00000000000032,0.05,11,0,1,9,1,11,11.0,0,0,0,0,11,0,0.0,0.0,0.6568649524265986,0.03666666666666667
32.05000000000032,0.05,11,0,1,9,1,11,11.0,0,0,0,0,11,0,0.0,0.0,0.6537237062740663,0.03666666666666667
32.100000000000314,0.05,11,0,1,9,1,11,11.0,0,0,0,0,11,0,0.0,0.0,0.650646238464784,0.03666666666666667
32.15000000000031,0.05,11,0,1,9,1,11,11.0,0,0,0,0,11,0,0.0,0.0,0.6482344345306337,0.03666666666666667
32.20000000000031,0.05,11,0,1,9,1,11,11.0,0,0,0,0,11,0,0.0,0.0,0.644417118161751,0.03666666666666667
32.250000000000306,0.05,11,0,1,9,1,11,11.0,0,0,0,0,11,0,0.0,0.0,0.6403188702457525,0.03666666666666667
32.3000000000003,0.05,11,0,1,9,1,11,11.0,0,0,0,0,11,0,0.0,0.0,0.6383230206283853,0.03666666666666667
32.3500000000003,0.05,11,0,1,9,1,11,11.0,0,0,0,0,11,0,0.0,0.0,0.6368913127737845,0.03666666666666667
32.4000000000003,0.05,11,0,1,9,1,11,11.0,0,0,0,0,11,0,0.0,0.0,0.6459280102981573,0.03666666666666667
32.450000000000294,0.05,11,0,1,9,1,11,11.0,0,0,0,0,11,0,0.0,0.0,0.6527378221772412,0.03666666666666667
32.50000000000029,0.05,11,0,1,9,1,11,11.0,0,0,0,0,11,0,0.0,0.0,0.661694901508508,0.03666666666666667
32.55000000000029,0.05,11,0,1,9,1,11,11.0,0,0,0,0,11,0,0.0,0.0,0.6691560433838614,0.03666666666666667
32.600000000000286,0.05,11,0,1,9,1,11,11.0,0,0,0,0,11,0,0.0,0.0,0.6818427618389578,0.03666666666666667
32.65000000000028,0.05,11,0,1,9,1,11,11.0,0,0,0,0,11,0,0.0,0.0,0.6943697692697558,0.03666666666666667
32.70000000000028,0.05,11,0,1,9,1,11,11.0,0,0,0,0,11,0,0.0,0.0,0.7041669965093653,0.03666666666666667
32.75000000000028,0.05,11,0,1,9,1,11,11.0,0,0,0,0,11,0,0.0,0.0,0.7138072715264999,0.03666666666666667
32.800000000000274,0.05,12,1,1,9,1,11,11.0,0,0,0,0,11,0,0.0,0.0,0.6629933065119044,0.03666666666666667
32.85000000000027,0.05,12,1,1,9,1,11,11.0,0,0,0,0,11,0,0.0,0.0,0.6796965126120357,0.03666666666666667
32.90000000000027,0.05,12,1,1,9,1,11,11.0,0,0,0,0,11,0,0.0,0.0,0.6933913433689511,0.03666666666666667
32.950000000000266,0.05,12,1,1,9,1,11,11.0,0,0,0,0,11,0,0.0,0.0,0.7063519858629426,0.03666666666666667
33.00000000000026,0.05,12,1,1,9,1,11,11.0,0,0,0,0,11,0,0.0,0.0,0.7183866433947023,0.03666666666666667
33.05000000000026,0.05,12,1,0,10,1,11,11.0,0,0,0,0,11,0,0.0,0.0,0.7293621292828503,0.03666666666666667
33.10000000000026,0.05,12,1,0,10,1,11,11.0,0,0,0,0,11,0,0.0,0.0,0.7475328872167748,0.03666666666666667
33.150000000000254,0.05,12,1,0,10,1,11,11.0,0,0,0,0,11,0,0.0,0.0,0.7628503582031474,0.03666666666666667
33.20000000000025,0.05,12,1,0,10,1,11,11.0,0,0,0,0,11,0,0.0,0.0,0.7765130403559164,0.03666666666666667
33.25000000000025,0.05,12,1,0,10,1,11,11.0,0,0,0,0,11,0,0.0,0.0,0.7886516454156841,0.03666666666666667
33.300000000000246,0.05,12,1,0,10,1,11,11.0,0,0,0,0,11,0,0.0,0.0,0.8016750094164694,0.03666666666666667
33.35000000000024,0.05,12,1,0,10,1,11,11.0,0,0,0,0,11,0,0.0,0.0,0.8140541912610756,0.03666666666666667
33.40000000000024,0.05,12,1,0,10,1,11,11.0,0,0,0,0,11,0,0.0,0.0,0.8258593878345035,0.03666666666666667
33.45000000000024,0.05,12,1,0,10,1,11,11.0,0,0,0,0,11,0,0.0,0.0,0.8373097430623644,0.03666666666666667
33.500000000000234,0.05,12,1,0,10,1,11,11.0,0,0,0,0,11,0,0.0,0.0,0.8486446440980493,0.03666666666666667
33.55000000000023,0.05,12,1,0,10,1,11,11.0,0,0,0,0,11,0,0.0,0.0,0.8536881805074739,0.03666666666666667
33.60000000000023,0.05,12,1,0,10,1,11,11.0,0,0,0,0,11,0,0.0,0.0,0.8545162529240073,0.03666666666666667
33.650000000000226,0.05,12,1,0,10,1,11,11.0,0,0,0,0,11,0,0.0,0.0,0.8565775653115925,0.03666666666666667
33.70000000000022,0.05,12,1,0,10,1,11,11.0,0,0,0,0,11,0,0.0,0.0,0.8595317801151289,0.03666666666666667
33.75000000000022,0.05,12,1,0,10,1,11,11.0,0,0,0,0,11,0,0.0,0.0,0.8631053964546215,0.03666666666666667
33.80000000000022,0.05,12,1,0,10,1,11,11.0,0,0,0,0,11,0,0.0,0.0,0.8670947204232924,0.03666666666666667
33.850000000000215,0.05,12,1,0,10,1,11,11.0,0,0,0,0,11,0,0.0,0.0,0.871350611265557,0.03666666666666667
33.90000000000021,0.05,12,1,0,10,1,11,11.0,0,0,0,0,11,0,0.0,0.0,0.8754125585286276,0.03666666666666667
33.95000000000021,0.05,12,1,0,10,1,11,11.0,0,0,0,0,11,0,0.0,0.0,0.8870628345757723,0.03666666666666667
34.000000000000206,0.05,12,1,0,10,1,11,11.0,0,0,0,0,11,0,0.0,0.0,0.8980706334114075,0.03666666666666667
34.0500000000002,0.05,12,1,0,10,1,11,11.0,0,0,0,0,11,0,0.0,0.0,0.9083686297138532,0.03666666666666667
34.1000000000002,0.05,12,1,0,10,1,11,11.0,0,0,0,0,11,0,0.0,0.0,0.9127678498625755,0.03666666666666667
34.1500000000002,0.05,12,1,0,10,1,11,11.0,0,0,0,0,11,0,0.0,0.0,0.917486384510994,0.03666666666666667
34.200000000000195,0.05,12,1,0,10,1,11,11.0,0,0,0,0,11,0,0.0,0.0,0.9224149112900099,0.03666666666666667
34.25000000000019,0.05,12,1,0,10,1,11,11.0,0,0,0,0,11,0,0.0,0.0,0.9274763539433479,0.03666666666666667
34.30000000000019,0.05,12,1,0,10,1,11,11.0,0,0,0,0,11,0,0.0,0.0,0.932664766907692,0.03666666666666667
34.350000000000186,0.05,12,1,0,10,1,11,11.0,0,0,0,0,11,0,0.0,0.0,0.9359982560078303,0.03666666666666667
34.40000000000018,0.05,12,1,0,10,1,11,11.0,0,0,0,0,11,0,0.0,0.0,0.9401734819014868,0.03666666666666667
34.45000000000018,0.05,12,1,0,10,1,11,11.0,0,0,0,0,11,0,0.0,0.0,0.9449083209037781,0.03666666666666667
34.50000000000018,0.05,12,1,0,10,1,11,11.0,0,0,0,0,11,0,0.0,0.0,0.949918399254481,0.03666666666666667
34.550000000000175,0.05,12,1,0,10,1,11,11.0,0,0,0,0,11,0,0.0,0.0,0.9546929101149241,0.03666666666666667
34.60000000000017,0.05,12,1,0,10,1,11,11.0,0,0,0,0,11,0,0.0,0.0,0.9586708148320516,0.03666666666666667
34.65000000000017,0.05,12,1,0,10,1,11,11.0,0,0,0,0,11,0,0.0,0.0,0.9594503939151764,0.03666666666666667
34.700000000000166,0.05,12,1,0,10,1,11,11.0,0,0,0,0,11,0,0.0,0.0,0.960426464676857,0.03666666666666667
34.75000000000016,0.05,12,1,0,10,1,11,11.0,0,0,0,0,11,0,0.0,0.0,0.9627540906270345,0.03666666666666667
34.80000000000016,0.05,12,1,0,10,1,11,11.0,0,0,0,0,11,0,0.0,0.0,0.9675782720247904,0.03666666666666667
34.85000000000016,0.05,12,1,0,10,1,11,11.0,0,0,0,0,11,0,0.0,0.0,0.9747186849514643,0.03666666666666667
34.900000000000155,0.05,12,1,0,10,1,11,11.0,0,0,0,0,11,0,0.0,0.0,0.9826898823181788,0.03666666666666667
34.95000000000015,0.05,12,1,0,10,1,11,11.0,0,0,0,0,11,0,0.0,0.0,0.9900164902210236,0.03666666666666667
35.00000000000015,0.05,12,1,0,10,1,11,11.0,0,0,0,0,11,0,0.0,0.0,0.9959876437981924,0.03666666666666667
35.050000000000146,0.05,12,1,0,10,1,11,11.0,0,0,0,0,11,0,0.0,0.0,1.000387708346049,0.03666666666666667
35.10000000000014,0.05,12,1,0,10,1,11,11.0,0,0,0,0,11,0,0.0,0.0,1.0034065743287404,0.03666666666666667
35.15000000000014,0.05,12,0,1,10,1,12,11.0,0,0,0,0,11,0,0.0,0.0,1.0051849037408829,0.04
35.20000000000014,0.05,12,0,1,10,1,12,11.0,0,0,0,0,11,0,0.0,0.0,1.0058804998795192,0.04
35.250000000000135,0.05,12,0,1,10,1,12,11.0,0,0,0,0,11,0,0.0,0.0,0.9881524046262106,0.04
35.30000000000013,0.05,12,0,1,10,1,12,11.0,0,0,0,0,11,0,0.0,0.0,0.9743870298067728,0.04
35.35000000000013,0.05,12,0,1,10,1,12,11.0,0,0,0,0,11,0,0.0,0.0,0.9653787463903427,0.04
35.40000000000013,0.05,12,0,1,10,1,12,11.0,0,0,0,0,11,0,0.0,0.0,0.9614243358373642,0.04
35.450000000000124,0.05,12,0,1,10,1,12,11.0,0,0,0,0,11,0,0.0,0.0,0.9611028755704561,0.04
35.50000000000012,0.05,12,0,1,10,1,12,12.0,0,0,1,0,12,0,20.0,0.0,0.9622107545534769,0.04
35.55000000000012,0.05,12,0,1,10,1,12,12.0,0,0,0,0,12,0,0.0,0.0,0.9635899526377519,0.04
35.600000000000115,0.05,12,0,1,10,1,12,12.0,0,0,0,0,12,0,0.0,0.0,0.964751161634922,0.04
35.65000000000011,0.05,12,0,1,10,1,12,12.0,0,0,0,0,12,0,0.0,0.0,0.9656154078741869,0.04
35.70000000000011,0.05,12,0,1,10,1,12,12.0,0,0,0,0,12,0,0.0,0.0,0.9662501662969589,0.04
35.75000000000011,0.05,12,0,1,10,1,12,12.0,0,0,0,0,12,0,0.0,0.0,0.9667333786686262,0.04
35.800000000000104,0.05,12,0,1,10,1,12,12.0,0,0,0,0,12,0,0.0,0.0,0.9671161274115244,0.04
35.8500000000001,0.05,12,0,1,10,1,12,12.0,0,0,0,0,12,0,0.0,0.0,0.9674324470882615,0.04
35.9000000000001,0.05,12,0,1,10,1,12,12.0,0,0,0,0,12,0,0.0,0.0,0.9677086664984623,0.04
35.950000000000095,0.05,12,0,1,10,1,12,12.0,0,0,0,0,12,0,0.0,0.0,0.9528188162172834,0.04
36.00000000000009,0.05,12,0,1,10,1,12,12.0,0,0,0,0,12,0,0.0,0.0,0.9408716682034234,0.04
36.05000000000009,0.05,12,0,1,10,1,12,12.0,0,0,0,0,12,0,0.0,0.0,0.931286697431157,0.04
36.10000000000009,0.05,12,0,1,10,1,12,12.0,0,0,0,0,12,0,0.0,0.0,0.9235722124576569,0.04
36.150000000000084,0.05,12,0,1,10,1,12,12.0,0,0,0,0,12,0,0.0,0.0,0.9172209301808228,0.04
36.20000000000008,0.05,12,0,1,10,1,12,12.0,0,0,0,0,12,0,0.0,0.0,0.9117982028983533,0.04
36.25000000000008,0.05,12,0,1,10,1,12,12.0,0,0,0,0,12,0,0.0,0.0,0.9069452634236465,0.04
36.300000000000075,0.05,13,1,1,10,1,12,12.0,0,0,0,0,12,0,0.0,0.0,0.8329614156634937,0.04
36.35000000000007,0.05,13,1,1,10,1,12,12.0,0,0,0,0,12,0,0.0,0.0,0.8364364965460621,0.04
36.40000000000007,0.05,13,1,1,10,1,12,12.0,0,0,0,0,12,0,0.0,0.0,0.8389992159791291,0.04
36.45000000000007,0.05,13,1,1,10,1,12,12.0,0,0,0,0,12,0,0.0,0.0,0.8404978810666273,0.04
36.500000000000064,0.05,13,1,1,10,1,12,12.0,0,0,0,0,12,0,0.0,0.0,0.840819305435826,0.04
36.55000000000006,0.05,13,1,1,10,1,12,12.0,0,0,0,0,12,0,0.0,0.0,0.8398380177453734,0.04
36.60000000000006,0.05,13,1,1,10,1,12,12.0,0,0,0,0,12,0,0.0,0.0,0.8363110464102087,0.04
36.650000000000055,0.05,13,1,1,10,1,12,12.0,0,0,0,0,12,0,0.0,0.0,0.8314492121750775,0.04
36.70000000000005,0.05,13,1,1,10,1,12,12.0,0,0,0,0,12,0,0.0,0.0,0.7924144124039091,0.04
36.75000000000005,0.05,13,1,1,10,1,12,12.0,0,0,0,0,12,0,0.0,0.0,0.7805901486157941,0.04
36.80000000000005,0.05,13,1,1,10,1,12,12.0,0,0,0,0,12,0,0.0,0.0,0.8011298972593907,0.04
36.850000000000044,0.05,13,1,1,10,1,12,12.0,0,0,0,0,12,0,0.0,0.0,0.7969302793767733,0.04
36.90000000000004,0.05,13,1,1,10,1,12,12.0,0,0,0,0,12,0,0.0,0.0,0.7929530203870784,0.04
36.95000000000004,0.05,13,1,1,10,1,12,12.0,0,0,0,0,12,0,0.0,0.0,0.7899859036618951,0.04
37.000000000000036,0.05,13,1,0,11,1,12,12.0,0,0,0,0,12,0,0.0,0.0,0.7878637501114729,0.04
37.05000000000003,0.05,13,1,0,11,1,12,12.0,0,0,0,0,12,0,0.0,0.0,0.786447475348653,0.04
37.10000000000003,0.05,13,1,0,11,1,12,12.0,0,0,0,0,12,0,0.0,0.0,0.7857152866837658,0.04
37.15000000000003,0.05,13,1,0,11,1,12,12.0,0,0,0,0,12,0,0.0,0.0,0.7858511123564452,0.04
37.200000000000024,0.05,13,1,0,11,1,12,12.0,0,0,0,0,12,0,0.0,0.0,0.787268180571398,0.04
37.25000000000002,0.05,13,1,0,11,1,12,12.0,0,0,0,0,12,0,0.0,0.0,0.7903651786909904,0.04
37.30000000000002,0.05,13,1,0,11,1,12,12.0,0,0,0,0,12,0,0.0,0.0,0.79508951923848,0.04
37.350000000000016,0.05,13,1,0,11,1,12,12.0,0,0,0,0,12,0,0.0,0.0,0.8007970813386447,0.04
37.40000000000001,0.05,13,1,0,11,1,12,12.0,0,0,0,0,12,0,0.0,0.0,0.8065801542562929,0.04
37.45000000000001,0.05,13,1,0,11,1,12,12.0,0,0,0,0,12,0,0.0,0.0,0.8116393313088898,0.04
37.50000000000001,0.05,13,1,0,11,1,12,12.0,0,0,0,0,12,0,0.0,0.0,0.815427189168706,0.04
37.550000000000004,0.05,13,1,0,11,1,12,12.0,0,0,0,0,12,0,0.0,0.0,0.8176196542296496,0.04
37.6,0.05,13,1,0,11,1,12,12.0,0,0,0,0,12,0,0.0,0.0,0.8180282935150339,0.04
37.65,0.05,13,1,0,11,1,12,12.0,0,0,0,0,12,0,0.0,0.0,0.8012850976587148,0.04
37.699999999999996,0.05,13,1,0,11,1,12,12.0,0,0,0,0,12,0,0.0,0.0,0.748528446486419,0.04
37.74999999999999,0.05,13,1,0,11,1,12,12.0,0,0,0,0,12,0,0.0,0.0,0.692682635255271,0.04
37.79999999999999,0.05,13,1,0,11,1,12,12.0,0,0,0,0,12,0,0.0,0.0,0.7308804649012998,0.04
37.84999999999999,0.05,13,1,0,11,1,12,12.0,0,0,0,0,12,0,0.0,0.0,0.702424349557497,0.04
37.899999999999984,0.05,13,1,0,11,1,12,12.0,0,0,0,0,12,0,0.0,0.0,0.6775057741142868,0.04
37.94999999999998,0.05,13,1,0,11,1,12,12.0,0,0,0,0,12,0,0.0,0.0,0.6560684120239295,0.04
37.99999999999998,0.05,13,1,0,11,1,12,12.0,0,0,0,0,12,0,0.0,0.0,0.6375321295484075,0.04
38.049999999999976,0.05,13,1,0,11,1,12,12.0,0,0,0,0,12,0,0.0,0.0,0.6214959983251097,0.04
38.09999999999997,0.05,13,1,0,11,1,12,12.0,0,0,0,0,12,0,0.0,0.0,0.6079770173619006,0.04
38.14999999999997,0.05,13,1,0,11,1,12,12.0,0,0,0,0,12,0,0.0,0.0,0.5986753257675446,0.04
38.19999999999997,0.05,13,1,0,11,1,12,12.0,0,0,0,0,12,0,0.0,0.0,0.5938133731085775,0.04
38.249999999999964,0.05,13,1,0,11,1,12,12.0,0,0,0,0,12,0,0.0,0.0,0.5956173520615861,0.04
38.29999999999996,0.05,13,1,0,11,1,12,12.0,0,0,0,0,12,0,0.0,0.0,0.5989717873308809,0.04
38.34999999999996,0.05,13,1,0,11,1,12,12.0,0,0,0,0,12,0,0.0,0.0,0.6018681304896762,0.04
38.399999999999956,0.05,13,1,0,11,1,12,12.0,0,0,0,0,12,0,0.0,0.0,0.6041218587763262,0.04
38.44999999999995,0.05,13,1,0,11,1,12,12.0,0,0,0,0,12,0,0.0,0.0,0.6056202263379716,0.04
38.49999999999995,0.05,13,1,0,11,1,12,12.0,0,0,0,0,12,0,0.0,0.0,0.6063112880307922,0.04
38.54999999999995,0.05,13,1,0,11,1,12,12.0,0,0,0,0,12,0,0.0,0.0,0.6062306495059908,0.04
38.599999999999945,0.05,13,1,0,11,1,12,12.0,0,0,0,0,12,0,0.0,0.0,0.605523973359438,0.04
38.64999999999994,0.05,13,0,1,11,1,13,12.0,0,0,0,0,12,0,0.0,0.0,0.597807390540795,0.043333333333333335
38.69999999999994,0.05,13,0,1,11,1,13,12.0,0,0,0,0,12,0,0.0,0.0,0.582869456827889,0.043333333333333335
38.749999999999936,0.05,13,0,1,11,1,13,12.0,0,0,0,0,12,0,0.0,0.0,0.5866035660208607,0.043333333333333335
38.79999999999993,0.05,13,0,1,11,1,13,12.0,0,0,0,0,12,0,0.0,0.0,0.5859621466795909,0.043333333333333335
38.84999999999993,0.05,13,0,1,11,1,13,12.0,0,0,0,0,12,0,0.0,0.0,0.581531474927387,0.043333333333333335
38.89999999999993,0.05,13,0,1,11,1,13,12.0,0,0,0,0,12,0,0.0,0.0,0.5784378822470438,0.043333333333333335
38.949999999999925,0.05,13,0,1,11,1,13,12.0,0,0,0,0,12,0,0.0,0.0,0.5767426892791316,0.043333333333333335
38.99999999999992,0.05,13,0,1,11,1,13,13.0,0,0,1,0,13,0,20.0,0.0,0.5838197831574786,0.043333333333333335
39.04999999999992,0.05,13,0,1,11,1,13,13.0,0,0,0,0,13,0,0.0,0.0,0.5908251363812641,0.043333333333333335
39.099999999999916,0.05,13,0,1,11,1,13,13.0,0,0,0,0,13,0,0.0,0.0,0.5975289560905944,0.043333333333333335
39.14999999999991,0.05,13,0,1,11,1,13,13.0,0,0,0,0,13,0,0.0,0.0,0.6034255103414103,0.043333333333333335
39.19999999999991,0.05,13,0,1,11,1,13,13.0,0,0,0,0,13,0,0.0,0.0,0.6067613212701588,0.043333333333333335
39.24999999999991,0.05,13,0,1,11,1,13,13.0,0,0,0,0,13,0,0.0,0.0,0.6109491835386645,0.043333333333333335
39.299999999999905,0.05,13,0,1,11,1,13,13.0,0,0,0,0,13,0,0.0,0.0,0.6146243561415868,0.043333333333333335
39.3499999999999,0.05,13,0,1,11,1,13,13.0,0,0,0,0,13,0,0.0,0.0,0.6163146718286622,0.043333333333333335
39.3999999999999,0.05,13,0,1,11,1,13,13.0,0,0,0,0,13,0,0.0,0.0,0.6152758079376859,0.043333333333333335
39.449999999999896,0.05,13,0,1,11,1,13,13.0,0,0,0,0,13,0,0.0,0.0,0.6139104776387696,0.043333333333333335
39.49999999999989,0.05,13,0,1,11,1,13,13.0,0,0,0,0,13,0,0.0,0.0,0.6129988368003693,0.043333333333333335
39.54999999999989,0.05,13,0,1,11,1,13,13.0,0,0,0,0,13,0,0.0,0.0,0.5859297802112768,0.043333333333333335
39.59999999999989,0.05,13,0,1,11,1,13,13.0,0,0,0,0,13,0,0.0,0.0,0.5727451442671989,0.043333333333333335
39.649999999999885,0.05,13,0,1,11,1,13,13.0,0,0,0,0,13,0,0.0,0.0,0.5911593064986139,0.043333333333333335
39.69999999999988,0.05,13,0,1,11,1,13,13.0,0,0,0,0,13,0,0.0,0.0,0.5879050012090172,0.043333333333333335
39.74999999999988,0.05,13,0,1,11,1,13,13.0,0,0,0,0,13,0,0.0,0.0,0.5767059844476793,0.043333333333333335
39.799999999999876,0.05,13,0,1,11,1,13,13.0,0,0,0,0,13,0,0.0,0.0,0.5653938061624856,0.043333333333333335
39.84999999999987,0.05,13,0,1,11,1,13,13.0,0,0,0,0,13,0,0.0,0.0,0.5551726940274001,0.043333333333333335
39.89999999999987,0.05,13,0,1,11,1,13,13.0,0,0,0,0,13,0,0.0,0.0,0.5474064782580927,0.043333333333333335
39.94999999999987,0.05,14,1,1,11,1,13,13.0,0,0,0,0,13,0,0.0,0.0,0.5039669987779563,0.043333333333333335
39.999999999999865,0.05,14,1,1,11,1,13,13.0,0,0,0,0,13,0,0.0,0.0,0.5159665810745407,0.043333333333333335
40.04999999999986,0.05,14,1,1,11,1,13,13.0,0,0,0,0,13,0,0.0,0.0,0.5204478878210596,0.043333333333333335
40.09999999999986,0.05,14,1,1,11,1,13,13.0,0,0,0,0,13,0,0.0,0.0,0.5250054890621608,0.043333333333333335
40.14999999999986,0.05,14,1,1,11,1,13,13.0,0,0,0,0,13,0,0.0,0.0,0.5298203674862764,0.043333333333333335
40.199999999999854,0.05,14,1,1,11,1,13,13.0,0,0,0,0,13,0,0.0,0.0,0.5230558146258123,0.043333333333333335
40.24999999999985,0.05,14,1,1,11,1,13,13.0,0,0,0,0,13,0,0.0,0.0,0.5165991644934625,0.043333333333333335
40.29999999999985,0.05,14,1,1,11,1,13,13.0,0,0,0,0,13,0,0.0,0.0,0.5108618331137548,0.043333333333333335
40.349999999999845,0.05,14,1,1,11,1,13,13.0,0,0,0,0,13,0,0.0,0.0,0.5096774482563627,0.043333333333333335
40.39999999999984,0.05,14,1,1,11,1,13,13.0,0,0,0,0,13,0,0.0,0.0,0.5097252487973947,0.043333333333333335
40.44999999999984,0.05,14,1,1,11,1,13,13.0,0,0,0,0,13,0,0.0,0.0,0.5110844056577305,0.043333333333333335
